Date_Heure,Date,Heure,Open_Interest_BTC,Open_Interest_USDT
2025-07-12 00:00:00+00:00,2025-07-12,0,87802.017,10316848232.475773
2025-07-12 01:00:00+00:00,2025-07-12,1,88052.922,10335604478.213062
2025-07-12 02:00:00+00:00,2025-07-12,2,87862.397,10334381590.160986
2025-07-12 03:00:00+00:00,2025-07-12,3,87803.533,10322622357.145
2025-07-12 04:00:00+00:00,2025-07-12,4,87801.551,10336165406.6669
2025-07-12 05:00:00+00:00,2025-07-12,5,87912.836,10339411059.3928
2025-07-12 06:00:00+00:00,2025-07-12,6,87958.561,10347474375.327776
2025-07-12 07:00:00+00:00,2025-07-12,7,88247.991,10395082248.362411
2025-07-12 08:00:00+00:00,2025-07-12,8,88648.592,10433026197.9024
2025-07-12 09:00:00+00:00,2025-07-12,9,88739.673,10460198300.19106
2025-07-12 10:00:00+00:00,2025-07-12,10,88623.007,10468140724.5393
2025-07-12 11:00:00+00:00,2025-07-12,11,88761.807,10476800033.996494
2025-07-12 12:00:00+00:00,2025-07-12,12,88549.056,10428732246.816
2025-07-12 13:00:00+00:00,2025-07-12,13,88315.085,10377174412.804655
2025-07-12 14:00:00+00:00,2025-07-12,14,88095.614,10348829634.7378
2025-07-12 15:00:00+00:00,2025-07-12,15,88013.868,10328436211.1868
2025-07-12 16:00:00+00:00,2025-07-12,16,87960.878,10298063772.289
2025-07-12 17:00:00+00:00,2025-07-12,17,87927.596,10301649903.9176
2025-07-12 18:00:00+00:00,2025-07-12,18,88090.807,10345593274.57974
2025-07-12 19:00:00+00:00,2025-07-12,19,88095.361,10347935105.286104
2025-07-12 20:00:00+00:00,2025-07-12,20,88101.523,10354188620.263084
2025-07-12 21:00:00+00:00,2025-07-12,21,87998.792,10294749879.2208
2025-07-12 22:00:00+00:00,2025-07-12,22,87985.573,10334562690.20705
2025-07-12 23:00:00+00:00,2025-07-12,23,88016.885,10328783508.1584
2025-07-13 00:00:00+00:00,2025-07-13,0,88029.021,10333673957.7774
2025-07-13 01:00:00+00:00,2025-07-13,1,87940.299,10313022684.627
2025-07-13 02:00:00+00:00,2025-07-13,2,87972.352,10338190569.19221
2025-07-13 03:00:00+00:00,2025-07-13,3,87902.847,10335080542.8933
2025-07-13 04:00:00+00:00,2025-07-13,4,87908.881,10347886245.8315
2025-07-13 05:00:00+00:00,2025-07-13,5,87914.276,10360073235.2404
2025-07-13 06:00:00+00:00,2025-07-13,6,88084.114,10368831207.38478
2025-07-13 07:00:00+00:00,2025-07-13,7,88268.15,10401509969.185
2025-07-13 08:00:00+00:00,2025-07-13,8,88409.087,10428580504.971312
2025-07-13 09:00:00+00:00,2025-07-13,9,88468.205,10426871513.442757
2025-07-13 10:00:00+00:00,2025-07-13,10,88653.08,10434545101.25715
2025-07-13 11:00:00+00:00,2025-07-13,11,88736.83,10445735806.597
2025-07-13 12:00:00+00:00,2025-07-13,12,88956.007,10501724241.64997
2025-07-13 13:00:00+00:00,2025-07-13,13,89465.469,10588023539.0244
2025-07-13 14:00:00+00:00,2025-07-13,14,89890.324,10657182213.97006
2025-07-13 15:00:00+00:00,2025-07-13,15,89609.172,10638605653.259354
2025-07-13 16:00:00+00:00,2025-07-13,16,89738.256,10644015624.654371
2025-07-13 17:00:00+00:00,2025-07-13,17,89815.505,10640960197.781569
2025-07-13 18:00:00+00:00,2025-07-13,18,89727.198,10644525925.8558
2025-07-13 19:00:00+00:00,2025-07-13,19,89757.932,10676237665.893028
2025-07-13 20:00:00+00:00,2025-07-13,20,89695.12,10666803786.248
2025-07-13 21:00:00+00:00,2025-07-13,21,89573.655,10662188230.236671
2025-07-13 22:00:00+00:00,2025-07-13,22,89593.484,10625169007.3604
2025-07-13 23:00:00+00:00,2025-07-13,23,89344.364,10585807463.924076
2025-07-14 00:00:00+00:00,2025-07-14,0,89419.39,10644568665.86439
2025-07-14 01:00:00+00:00,2025-07-14,1,89822.615,10691639757.019
2025-07-14 02:00:00+00:00,2025-07-14,2,89897.875,10702692325.329576
2025-07-14 03:00:00+00:00,2025-07-14,3,90898.064,10873808163.2896
2025-07-14 04:00:00+00:00,2025-07-14,4,90115.609,10879936832.9579
2025-07-14 05:00:00+00:00,2025-07-14,5,91374.249,11092275492.872463
2025-07-14 06:00:00+00:00,2025-07-14,6,92158.825,11284924791.048187
2025-07-14 07:00:00+00:00,2025-07-14,7,92179.596,11257350199.8636
2025-07-14 08:00:00+00:00,2025-07-14,8,92640.67,11368626558.66101
2025-07-14 09:00:00+00:00,2025-07-14,9,92876.404,11383324187.649595
2025-07-14 10:00:00+00:00,2025-07-14,10,92314.836,11260607549.175129
2025-07-14 11:00:00+00:00,2025-07-14,11,91945.645,11209259084.111
2025-07-14 12:00:00+00:00,2025-07-14,12,91781.679,11149149961.069933
2025-07-14 13:00:00+00:00,2025-07-14,13,92241.339,11243675000.1999
2025-07-14 14:00:00+00:00,2025-07-14,14,92598.382,11269547183.737
2025-07-14 15:00:00+00:00,2025-07-14,15,92742.86,11237337942.864023
2025-07-14 16:00:00+00:00,2025-07-14,16,92610.119,11100919575.349607
2025-07-14 17:00:00+00:00,2025-07-14,17,92843.523,11165445635.1507
2025-07-14 18:00:00+00:00,2025-07-14,18,92595.071,11099908212.1818
2025-07-14 19:00:00+00:00,2025-07-14,19,92615.603,11078342772.452486
2025-07-14 20:00:00+00:00,2025-07-14,20,92359.795,11075658202.82115
2025-07-14 21:00:00+00:00,2025-07-14,21,93160.456,11192161773.091896
2025-07-14 22:00:00+00:00,2025-07-14,22,93166.954,11180305051.349829
2025-07-14 23:00:00+00:00,2025-07-14,23,92969.053,11158336848.7167
2025-07-15 00:00:00+00:00,2025-07-15,0,93070.334,11151549767.16958
2025-07-15 01:00:00+00:00,2025-07-15,1,92730.757,11077467862.0088
2025-07-15 02:00:00+00:00,2025-07-15,2,93057.388,11025991857.975948
2025-07-15 03:00:00+00:00,2025-07-15,3,93059.324,11004823583.484053
2025-07-15 04:00:00+00:00,2025-07-15,4,93369.517,10943329001.439089
2025-07-15 05:00:00+00:00,2025-07-15,5,92535.505,10871628642.868824
2025-07-15 06:00:00+00:00,2025-07-15,6,92619.113,10866995339.941414
2025-07-15 07:00:00+00:00,2025-07-15,7,92370.143,10812008371.2787
2025-07-15 08:00:00+00:00,2025-07-15,8,92037.655,10747977647.378613
2025-07-15 09:00:00+00:00,2025-07-15,9,92140.835,10758972024.111
2025-07-15 10:00:00+00:00,2025-07-15,10,92164.304,10761555740.1296
2025-07-15 11:00:00+00:00,2025-07-15,11,92579.709,10836917836.995
2025-07-15 12:00:00+00:00,2025-07-15,12,92460.532,10828784841.866692
2025-07-15 13:00:00+00:00,2025-07-15,13,92534.833,10842981707.520454
2025-07-15 14:00:00+00:00,2025-07-15,14,92924.021,10970191921.333988
2025-07-15 15:00:00+00:00,2025-07-15,15,91249.229,10582574583.7376
2025-07-15 16:00:00+00:00,2025-07-15,16,91290.751,10625290973.227434
2025-07-15 17:00:00+00:00,2025-07-15,17,91548.041,10728588163.2228
2025-07-15 18:00:00+00:00,2025-07-15,18,91320.589,10723210578.6182
2025-07-15 19:00:00+00:00,2025-07-15,19,90140.076,10524602035.6308
2025-07-15 20:00:00+00:00,2025-07-15,20,90238.637,10504184697.73903
2025-07-15 21:00:00+00:00,2025-07-15,21,89859.828,10462178588.95494
2025-07-15 22:00:00+00:00,2025-07-15,22,89858.664,10562252982.910202
2025-07-15 23:00:00+00:00,2025-07-15,23,89965.928,10598679056.0456
2025-07-16 00:00:00+00:00,2025-07-16,0,89719.159,10563399201.9215
2025-07-16 01:00:00+00:00,2025-07-16,1,89506.667,10572288437.30018
2025-07-16 02:00:00+00:00,2025-07-16,2,89288.547,10512004225.921091
2025-07-16 03:00:00+00:00,2025-07-16,3,89246.823,10471625245.611744
2025-07-16 04:00:00+00:00,2025-07-16,4,89531.216,10518299637.33116
2025-07-16 05:00:00+00:00,2025-07-16,5,89691.834,10547942918.816862
2025-07-16 06:00:00+00:00,2025-07-16,6,90270.148,10639095211.0432
2025-07-16 07:00:00+00:00,2025-07-16,7,90550.228,10708542403.4624
2025-07-16 08:00:00+00:00,2025-07-16,8,90493.625,10694838435.874338
2025-07-16 09:00:00+00:00,2025-07-16,9,90297.552,10717840845.3744
2025-07-16 10:00:00+00:00,2025-07-16,10,90625.841,10801603362.949
2025-07-16 11:00:00+00:00,2025-07-16,11,90460.387,10741123044.117647
2025-07-16 12:00:00+00:00,2025-07-16,12,90901.298,10794249571.87516
2025-07-16 13:00:00+00:00,2025-07-16,13,90985.219,10789096697.665165
2025-07-16 14:00:00+00:00,2025-07-16,14,90145.427,10696964706.987083
2025-07-16 15:00:00+00:00,2025-07-16,15,90335.012,10751410804.884657
2025-07-16 16:00:00+00:00,2025-07-16,16,90072.981,10723575701.8683
2025-07-16 17:00:00+00:00,2025-07-16,17,89862.749,10716631168.729418
2025-07-16 18:00:00+00:00,2025-07-16,18,89676.618,10675050800.7492
2025-07-16 19:00:00+00:00,2025-07-16,19,89534.279,10696687172.4137
2025-07-16 20:00:00+00:00,2025-07-16,20,89543.602,10672397474.1332
2025-07-16 21:00:00+00:00,2025-07-16,21,89578.279,10739676544.992342
2025-07-16 22:00:00+00:00,2025-07-16,22,89313.144,10651438501.59308
2025-07-16 23:00:00+00:00,2025-07-16,23,89500.154,10616928918.2038
2025-07-17 00:00:00+00:00,2025-07-17,0,89544.46,10619801515.020391
2025-07-17 01:00:00+00:00,2025-07-17,1,89708.34,10663639346.634
2025-07-17 02:00:00+00:00,2025-07-17,2,89407.134,10561339116.370607
2025-07-17 03:00:00+00:00,2025-07-17,3,89318.986,10566346724.814
2025-07-17 04:00:00+00:00,2025-07-17,4,88982.69,10509183478.339165
2025-07-17 05:00:00+00:00,2025-07-17,5,88897.266,10531303513.956
2025-07-17 06:00:00+00:00,2025-07-17,6,88856.77,10534440392.724878
2025-07-17 07:00:00+00:00,2025-07-17,7,88800.631,10517941177.747356
2025-07-17 08:00:00+00:00,2025-07-17,8,88586.182,10478433070.180286
2025-07-17 09:00:00+00:00,2025-07-17,9,88690.798,10493443807.942026
2025-07-17 10:00:00+00:00,2025-07-17,10,88866.526,10553924954.484173
2025-07-17 11:00:00+00:00,2025-07-17,11,88901.145,10519779169.224
2025-07-17 12:00:00+00:00,2025-07-17,12,88920.321,10489962223.30474
2025-07-17 13:00:00+00:00,2025-07-17,13,89656.46,10568674534.069529
2025-07-17 14:00:00+00:00,2025-07-17,14,89680.533,10606776711.4557
2025-07-17 15:00:00+00:00,2025-07-17,15,89696.346,10649467767.888
2025-07-17 16:00:00+00:00,2025-07-17,16,89564.557,10646366905.195225
2025-07-17 17:00:00+00:00,2025-07-17,17,89460.358,10604782934.569683
2025-07-17 18:00:00+00:00,2025-07-17,18,89240.344,10643476999.916891
2025-07-17 19:00:00+00:00,2025-07-17,19,89199.557,10667061160.7077
2025-07-17 20:00:00+00:00,2025-07-17,20,89093.079,10594539108.575035
2025-07-17 21:00:00+00:00,2025-07-17,21,89069.61,10637467731.807
2025-07-17 22:00:00+00:00,2025-07-17,22,88309.796,10620653150.750835
2025-07-17 23:00:00+00:00,2025-07-17,23,89170.15,10678631324.33115
2025-07-18 00:00:00+00:00,2025-07-18,0,89608.477,10679233620.0382
2025-07-18 01:00:00+00:00,2025-07-18,1,89769.263,10748352143.7053
2025-07-18 02:00:00+00:00,2025-07-18,2,89761.784,10802193395.7336
2025-07-18 03:00:00+00:00,2025-07-18,3,89914.13,10797221375.21648
2025-07-18 04:00:00+00:00,2025-07-18,4,90364.008,10861753761.6
2025-07-18 05:00:00+00:00,2025-07-18,5,90402.714,10884572773.955597
2025-07-18 06:00:00+00:00,2025-07-18,6,90476.233,10910375127.8739
2025-07-18 07:00:00+00:00,2025-07-18,7,90510.612,10882860220.962
2025-07-18 08:00:00+00:00,2025-07-18,8,90516.271,10803714351.2386
2025-07-18 09:00:00+00:00,2025-07-18,9,89837.171,10658030423.3612
2025-07-18 10:00:00+00:00,2025-07-18,10,89896.914,10687424538.94077
2025-07-18 11:00:00+00:00,2025-07-18,11,89731.85,10700357363.792828
2025-07-18 12:00:00+00:00,2025-07-18,12,89508.038,10667289815.15321
2025-07-18 13:00:00+00:00,2025-07-18,13,89707.202,10716970316.637129
2025-07-18 14:00:00+00:00,2025-07-18,14,90263.049,10720253487.9732
2025-07-18 15:00:00+00:00,2025-07-18,15,89589.282,10583710459.4238
2025-07-18 16:00:00+00:00,2025-07-18,16,89547.819,10553373470.514303
2025-07-18 17:00:00+00:00,2025-07-18,17,89912.546,10568626359.4964
2025-07-18 18:00:00+00:00,2025-07-18,18,89907.178,10571264410.53999
2025-07-18 19:00:00+00:00,2025-07-18,19,89743.682,10526754411.236
2025-07-18 20:00:00+00:00,2025-07-18,20,89574.659,10512920896.0691
2025-07-18 21:00:00+00:00,2025-07-18,21,89468.884,10502029254.511816
2025-07-18 22:00:00+00:00,2025-07-18,22,89332.118,10510027398.260038
2025-07-18 23:00:00+00:00,2025-07-18,23,89335.709,10511507528.067
2025-07-19 00:00:00+00:00,2025-07-19,0,89349.022,10534042570.465431
2025-07-19 01:00:00+00:00,2025-07-19,1,89244.916,10506232793.2176
2025-07-19 02:00:00+00:00,2025-07-19,2,89116.709,10516662829.09
2025-07-19 03:00:00+00:00,2025-07-19,3,89027.413,10520956975.1358
2025-07-19 04:00:00+00:00,2025-07-19,4,88935.532,10520782964.418652
2025-07-19 05:00:00+00:00,2025-07-19,5,88730.802,10479520960.621126
2025-07-19 06:00:00+00:00,2025-07-19,6,88655.111,10476941205.588491
2025-07-19 07:00:00+00:00,2025-07-19,7,88696.485,10478318909.148
2025-07-19 08:00:00+00:00,2025-07-19,8,88811.392,10491733793.92
2025-07-19 09:00:00+00:00,2025-07-19,9,88649.725,10466449062.155651
2025-07-19 10:00:00+00:00,2025-07-19,10,88678.058,10482198713.6958
2025-07-19 11:00:00+00:00,2025-07-19,11,88608.796,10492258678.77999
2025-07-19 12:00:00+00:00,2025-07-19,12,88513.099,10471090760.3901
2025-07-19 13:00:00+00:00,2025-07-19,13,88484.836,10460509190.7316
2025-07-19 14:00:00+00:00,2025-07-19,14,88470.661,10454445016.528587
2025-07-19 15:00:00+00:00,2025-07-19,15,88424.819,10403082688.0491
2025-07-19 16:00:00+00:00,2025-07-19,16,88207.538,10411805774.16414
2025-07-19 17:00:00+00:00,2025-07-19,17,88243.164,10408987139.112
2025-07-19 18:00:00+00:00,2025-07-19,18,87939.078,10358927948.416012
2025-07-19 19:00:00+00:00,2025-07-19,19,88036.724,10373367188.92
2025-07-19 20:00:00+00:00,2025-07-19,20,87856.116,10365115210.2828
2025-07-19 21:00:00+00:00,2025-07-19,21,87766.747,10328635416.733624
2025-07-19 22:00:00+00:00,2025-07-19,22,87713.818,10322668067.00517
2025-07-19 23:00:00+00:00,2025-07-19,23,87731.325,10331172413.64535
2025-07-20 00:00:00+00:00,2025-07-20,0,87692.615,10331444051.3945
2025-07-20 01:00:00+00:00,2025-07-20,1,87669.389,10337316830.4625
2025-07-20 02:00:00+00:00,2025-07-20,2,87621.227,10331318108.575876
2025-07-20 03:00:00+00:00,2025-07-20,3,87579.319,10330655036.8063
2025-07-20 04:00:00+00:00,2025-07-20,4,87512.498,10320954585.745762
2025-07-20 05:00:00+00:00,2025-07-20,5,87541.513,10322836043.4614
2025-07-20 06:00:00+00:00,2025-07-20,6,87395.964,10297235367.69661
2025-07-20 07:00:00+00:00,2025-07-20,7,87431.338,10299540551.207045
2025-07-20 08:00:00+00:00,2025-07-20,8,87455.745,10319246692.080551
2025-07-20 09:00:00+00:00,2025-07-20,9,87508.08,10337889542.112
2025-07-20 10:00:00+00:00,2025-07-20,10,87434.856,10307906116.712294
2025-07-20 11:00:00+00:00,2025-07-20,11,87624.474,10329164232.6726
2025-07-20 12:00:00+00:00,2025-07-20,12,87895.227,10360140090.3084
2025-07-20 13:00:00+00:00,2025-07-20,13,88202.389,10413328618.428495
2025-07-20 14:00:00+00:00,2025-07-20,14,88552.093,10483609607.077784
2025-07-20 15:00:00+00:00,2025-07-20,15,88870.014,10525676768.893446
2025-07-20 16:00:00+00:00,2025-07-20,16,89107.492,10574323700.3956
2025-07-20 17:00:00+00:00,2025-07-20,17,89264.411,10581742484.7018
2025-07-20 18:00:00+00:00,2025-07-20,18,88768.803,10475029444.8105
2025-07-20 19:00:00+00:00,2025-07-20,19,88957.878,10526687076.593027
2025-07-20 20:00:00+00:00,2025-07-20,20,88717.95,10482873097.78125
2025-07-20 21:00:00+00:00,2025-07-20,21,89155.297,10526483140.618692
2025-07-20 22:00:00+00:00,2025-07-20,22,89561.647,10566733885.6716
2025-07-20 23:00:00+00:00,2025-07-20,23,89276.295,10484474170.3575
2025-07-21 00:00:00+00:00,2025-07-21,0,89276.476,10465890557.82366
2025-07-21 01:00:00+00:00,2025-07-21,1,89205.949,10465936316.3117
2025-07-21 02:00:00+00:00,2025-07-21,2,89219.408,10462591831.51766
2025-07-21 03:00:00+00:00,2025-07-21,3,89479.597,10572481414.256191
2025-07-21 04:00:00+00:00,2025-07-21,4,89209.027,10560100729.3196
2025-07-21 05:00:00+00:00,2025-07-21,5,89196.668,10552563442.0756
2025-07-21 06:00:00+00:00,2025-07-21,6,89111.873,10550658628.2667
2025-07-21 07:00:00+00:00,2025-07-21,7,89733.605,10692521771.3925
2025-07-21 08:00:00+00:00,2025-07-21,8,88868.621,10606656540.4541
2025-07-21 09:00:00+00:00,2025-07-21,9,88232.697,10499322877.107794
2025-07-21 10:00:00+00:00,2025-07-21,10,87988.922,10442534061.8522
2025-07-21 11:00:00+00:00,2025-07-21,11,88217.584,10458529810.0192
2025-07-21 12:00:00+00:00,2025-07-21,12,88288.949,10422951684.91762
2025-07-21 13:00:00+00:00,2025-07-21,13,90441.086,10684737032.3658
2025-07-21 14:00:00+00:00,2025-07-21,14,90897.857,10799201708.9563
2025-07-21 15:00:00+00:00,2025-07-21,15,90515.89,10752780843.016
2025-07-21 16:00:00+00:00,2025-07-21,16,90294.911,10682258180.4351
2025-07-21 18:00:00+00:00,2025-07-21,18,89784.627,10578002765.3931
2025-07-21 19:00:00+00:00,2025-07-21,19,89733.272,10510583775.9408
2025-07-21 20:00:00+00:00,2025-07-21,20,89841.996,10486094500.916548
2025-07-21 21:00:00+00:00,2025-07-21,21,90096.859,10532494001.1321
2025-07-21 22:00:00+00:00,2025-07-21,22,90213.622,10570483452.8974
2025-07-21 23:00:00+00:00,2025-07-21,23,90291.41,10591877636.857
2025-07-22 00:00:00+00:00,2025-07-22,0,90303.941,10595459874.304562
2025-07-22 01:00:00+00:00,2025-07-22,1,90657.712,10614335360.326748
2025-07-22 02:00:00+00:00,2025-07-22,2,90028.225,10596774525.868183
2025-07-22 03:00:00+00:00,2025-07-22,3,90034.644,10532772487.426489
2025-07-22 04:00:00+00:00,2025-07-22,4,90175.116,10566449567.532
2025-07-22 05:00:00+00:00,2025-07-22,5,89971.19,10481652632.119
2025-07-22 06:00:00+00:00,2025-07-22,6,89759.295,10526745719.3625
2025-07-22 07:00:00+00:00,2025-07-22,7,89464.715,10538916587.5855
2025-07-22 08:00:00+00:00,2025-07-22,8,89812.544,10594242783.968
2025-07-22 09:00:00+00:00,2025-07-22,9,89581.496,10593803084.474636
2025-07-22 10:00:00+00:00,2025-07-22,10,89548.121,10599708301.318125
2025-07-22 11:00:00+00:00,2025-07-22,11,89470.396,10641716264.7152
2025-07-22 12:00:00+00:00,2025-07-22,12,89339.295,10645210608.4894
2025-07-22 13:00:00+00:00,2025-07-22,13,89496.167,10672167325.4824
2025-07-22 14:00:00+00:00,2025-07-22,14,88879.313,10499179925.7205
2025-07-22 15:00:00+00:00,2025-07-22,15,87973.33,10476073686.06747
2025-07-22 16:00:00+00:00,2025-07-22,16,88140.314,10479856892.5058
2025-07-22 17:00:00+00:00,2025-07-22,17,88045.043,10447750569.0391
2025-07-22 18:00:00+00:00,2025-07-22,18,88243.466,10519421228.325914
2025-07-22 19:00:00+00:00,2025-07-22,19,89596.447,10730787264.296
2025-07-22 20:00:00+00:00,2025-07-22,20,89641.116,10693710040.8852
2025-07-22 21:00:00+00:00,2025-07-22,21,89613.282,10728161590.5684
2025-07-22 22:00:00+00:00,2025-07-22,22,89635.932,10703980008.520544
2025-07-22 23:00:00+00:00,2025-07-22,23,89870.62,10771380250.666
2025-07-23 00:00:00+00:00,2025-07-23,0,90080.732,10809120331.3884
2025-07-23 01:00:00+00:00,2025-07-23,1,90292.12,10796192686.855612
2025-07-23 02:00:00+00:00,2025-07-23,2,90306.904,10793259495.350676
2025-07-23 03:00:00+00:00,2025-07-23,3,89440.978,10652116380.4748
2025-07-23 04:00:00+00:00,2025-07-23,4,89139.359,10573231270.270784
2025-07-23 05:00:00+00:00,2025-07-23,5,88780.009,10561882452.7021
2025-07-23 06:00:00+00:00,2025-07-23,6,88857.859,10540590818.443811
2025-07-23 07:00:00+00:00,2025-07-23,7,88675.683,10499428653.181711
2025-07-23 08:00:00+00:00,2025-07-23,8,88658.407,10490714753.20962
2025-07-23 09:00:00+00:00,2025-07-23,9,88726.851,10504399626.675549
2025-07-23 10:00:00+00:00,2025-07-23,10,88412.809,10433334003.816662
2025-07-23 11:00:00+00:00,2025-07-23,11,88228.041,10440446775.451384
2025-07-23 12:00:00+00:00,2025-07-23,12,88429.414,10478040997.220608
2025-07-23 13:00:00+00:00,2025-07-23,13,89177.788,10517931521.1992
2025-07-23 14:00:00+00:00,2025-07-23,14,88762.988,10418376944.626286
2025-07-23 15:00:00+00:00,2025-07-23,15,88486.929,10455960629.6631
2025-07-23 16:00:00+00:00,2025-07-23,16,88729.764,10517220039.748394
2025-07-23 17:00:00+00:00,2025-07-23,17,88832.357,10453010047.0184
2025-07-23 18:00:00+00:00,2025-07-23,18,88653.164,10467287938.7964
2025-07-23 19:00:00+00:00,2025-07-23,19,88800.332,10508160647.1204
2025-07-23 20:00:00+00:00,2025-07-23,20,88713.105,10498264489.1475
2025-07-23 21:00:00+00:00,2025-07-23,21,88528.644,10432879722.452097
2025-07-23 22:00:00+00:00,2025-07-23,22,88433.43,10447056723.021
2025-07-23 23:00:00+00:00,2025-07-23,23,87141.86,10329604372.308
2025-07-24 00:00:00+00:00,2025-07-24,0,87174.598,10348801639.673
2025-07-24 01:00:00+00:00,2025-07-24,1,88061.893,10481478752.432
2025-07-24 02:00:00+00:00,2025-07-24,2,88221.841,10503747716.06108
2025-07-24 03:00:00+00:00,2025-07-24,3,88423.073,10516164914.1973
2025-07-24 04:00:00+00:00,2025-07-24,4,87550.322,10370143030.1916
2025-07-24 05:00:00+00:00,2025-07-24,5,86676.992,10220436981.53164
2025-07-24 06:00:00+00:00,2025-07-24,6,86951.395,10222417687.112389
2025-07-24 07:00:00+00:00,2025-07-24,7,87160.688,10234927823.619038
2025-07-24 08:00:00+00:00,2025-07-24,8,87086.842,10307629833.12642
2025-07-24 09:00:00+00:00,2025-07-24,9,87037.251,10334254849.0587
2025-07-24 10:00:00+00:00,2025-07-24,10,86708.727,10272471024.59731
2025-07-24 11:00:00+00:00,2025-07-24,11,86742.724,10265992711.1276
2025-07-24 12:00:00+00:00,2025-07-24,12,87396.87,10362503341.423838
2025-07-24 13:00:00+00:00,2025-07-24,13,87272.787,10340027440.0878
2025-07-24 14:00:00+00:00,2025-07-24,14,87451.074,10334198355.8688
2025-07-24 15:00:00+00:00,2025-07-24,15,88828.295,10573683324.853848
2025-07-24 16:00:00+00:00,2025-07-24,16,89871.902,10700746959.65485
2025-07-24 17:00:00+00:00,2025-07-24,17,89258.865,10577237460.781548
2025-07-24 18:00:00+00:00,2025-07-24,18,89389.694,10645704705.4808
2025-07-24 19:00:00+00:00,2025-07-24,19,89635.255,10667194916.51951
2025-07-24 20:00:00+00:00,2025-07-24,20,90016.131,10703089006.5489
2025-07-24 21:00:00+00:00,2025-07-24,21,89828.403,10660646228.3937
2025-07-24 22:00:00+00:00,2025-07-24,22,89605.568,10617489200.1152
2025-07-24 23:00:00+00:00,2025-07-24,23,89696.563,10605886578.974089
2025-07-25 00:00:00+00:00,2025-07-25,0,89595.196,10597615447.0268
2025-07-25 01:00:00+00:00,2025-07-25,1,88782.537,10442747255.96093
2025-07-25 02:00:00+00:00,2025-07-25,2,90768.796,10650851124.57446
2025-07-25 03:00:00+00:00,2025-07-25,3,91647.107,10659923418.895926
2025-07-25 04:00:00+00:00,2025-07-25,4,94061.048,10855012728.122116
2025-07-25 05:00:00+00:00,2025-07-25,5,96439.253,11192714113.23349
2025-07-25 06:00:00+00:00,2025-07-25,6,97451.361,11253809855.0493
2025-07-25 07:00:00+00:00,2025-07-25,7,98406.584,11342802808.52564
2025-07-25 08:00:00+00:00,2025-07-25,8,96877.903,11171571101.568592
2025-07-25 09:00:00+00:00,2025-07-25,9,96834.639,11155360096.2639
2025-07-25 10:00:00+00:00,2025-07-25,10,96617.864,11210253810.249971
2025-07-25 11:00:00+00:00,2025-07-25,11,96178.93,11183830712.963173
2025-07-25 12:00:00+00:00,2025-07-25,12,95687.688,11148327995.87294
2025-07-25 13:00:00+00:00,2025-07-25,13,93820.767,10890686487.1299
2025-07-25 14:00:00+00:00,2025-07-25,14,94497.982,10980240267.481
2025-07-25 15:00:00+00:00,2025-07-25,15,93806.363,10781789687.996967
2025-07-25 16:00:00+00:00,2025-07-25,16,93300.145,10793784648.699032
2025-07-25 17:00:00+00:00,2025-07-25,17,93117.351,10816526157.467682
2025-07-25 18:00:00+00:00,2025-07-25,18,92918.569,10779964563.763294
2025-07-25 19:00:00+00:00,2025-07-25,19,92648.538,10789468876.4742
2025-07-25 20:00:00+00:00,2025-07-25,20,92037.699,10738029138.5601
2025-07-25 21:00:00+00:00,2025-07-25,21,91825.575,10744671249.793196
2025-07-25 22:00:00+00:00,2025-07-25,22,91929.783,10772644533.2022
2025-07-25 23:00:00+00:00,2025-07-25,23,91968.655,10783363726.482628
2025-07-26 00:00:00+00:00,2025-07-26,0,91507.402,10760223516.221054
2025-07-26 01:00:00+00:00,2025-07-26,1,91636.63,10764838999.653
2025-07-26 02:00:00+00:00,2025-07-26,2,91354.221,10701580593.9798
2025-07-26 03:00:00+00:00,2025-07-26,3,91356.056,10729318280.297262
2025-07-26 04:00:00+00:00,2025-07-26,4,91327.482,10727133104.428816
2025-07-26 05:00:00+00:00,2025-07-26,5,91212.264,10714627589.118452
2025-07-26 06:00:00+00:00,2025-07-26,6,91224.345,10711124713.044
2025-07-26 07:00:00+00:00,2025-07-26,7,91331.076,10713957194.484
2025-07-26 08:00:00+00:00,2025-07-26,8,91228.424,10700066784.483124
2025-07-26 09:00:00+00:00,2025-07-26,9,91227.842,10722133595.499594
2025-07-26 10:00:00+00:00,2025-07-26,10,91137.561,10713000974.148672
2025-07-26 11:00:00+00:00,2025-07-26,11,88784.145,10472480552.988
2025-07-26 12:00:00+00:00,2025-07-26,12,88601.953,10433679052.959925
2025-07-26 13:00:00+00:00,2025-07-26,13,88713.668,10458010752.18
2025-07-26 14:00:00+00:00,2025-07-26,14,89124.316,10525537157.442
2025-07-26 15:00:00+00:00,2025-07-26,15,89128.563,10520457882.273098
2025-07-26 16:00:00+00:00,2025-07-26,16,89000.882,10512150335.938858
2025-07-26 17:00:00+00:00,2025-07-26,17,89071.201,10515567590.771313
2025-07-26 18:00:00+00:00,2025-07-26,18,88936.024,10495688444.27907
2025-07-26 19:00:00+00:00,2025-07-26,19,88981.906,10505559610.385626
2025-07-26 20:00:00+00:00,2025-07-26,20,89160.084,10539546934.164202
2025-07-26 21:00:00+00:00,2025-07-26,21,89662.75,10573561799.106585
2025-07-26 22:00:00+00:00,2025-07-26,22,89484.866,10560427995.122196
2025-07-26 23:00:00+00:00,2025-07-26,23,89293.641,10534561822.713669
2025-07-27 00:00:00+00:00,2025-07-27,0,89294.413,10526855842.4809
2025-07-27 01:00:00+00:00,2025-07-27,1,89325.691,10534193151.488794
2025-07-27 02:00:00+00:00,2025-07-27,2,89277.494,10540677224.305168
2025-07-27 03:00:00+00:00,2025-07-27,3,89375.857,10573414135.4996
2025-07-27 04:00:00+00:00,2025-07-27,4,89415.409,10565503558.258
2025-07-27 05:00:00+00:00,2025-07-27,5,89492.947,10578057386.1053
2025-07-27 06:00:00+00:00,2025-07-27,6,89521.935,10587109393.586733
2025-07-27 07:00:00+00:00,2025-07-27,7,89442.786,10575715016.64
2025-07-27 08:00:00+00:00,2025-07-27,8,89359.338,10552183435.343544
2025-07-27 09:00:00+00:00,2025-07-27,9,89254.554,10525173696.7974
2025-07-27 10:00:00+00:00,2025-07-27,10,89412.064,10543206785.979694
2025-07-27 11:00:00+00:00,2025-07-27,11,89080.994,10525436110.8652
2025-07-27 12:00:00+00:00,2025-07-27,12,89102.183,10518815650.5722
2025-07-27 13:00:00+00:00,2025-07-27,13,89051.151,10515231055.497002
2025-07-27 14:00:00+00:00,2025-07-27,14,88950.238,10512400442.335464
2025-07-27 15:00:00+00:00,2025-07-27,15,90023.33,10660094617.284
2025-07-27 16:00:00+00:00,2025-07-27,16,90159.4,10691182795.46
2025-07-27 17:00:00+00:00,2025-07-27,17,90190.806,10740841124.7012
2025-07-27 18:00:00+00:00,2025-07-27,18,89993.31,10726851578.091
2025-07-27 19:00:00+00:00,2025-07-27,19,89959.557,10706340646.006107
2025-07-27 20:00:00+00:00,2025-07-27,20,89927.202,10697128444.9464
2025-07-27 21:00:00+00:00,2025-07-27,21,89905.566,10675750175.16579
2025-07-27 22:00:00+00:00,2025-07-27,22,89838.267,10713662531.085
2025-07-27 23:00:00+00:00,2025-07-27,23,90431.958,10805812611.353825
2025-07-28 00:00:00+00:00,2025-07-28,0,90391.576,10794511818.945095
2025-07-28 01:00:00+00:00,2025-07-28,1,90455.028,10786149233.571545
2025-07-28 02:00:00+00:00,2025-07-28,2,90371.863,10757273728.169352
2025-07-28 03:00:00+00:00,2025-07-28,3,90397.203,10796382026.7381
2025-07-28 04:00:00+00:00,2025-07-28,4,90539.164,10798578928.5308
2025-07-28 05:00:00+00:00,2025-07-28,5,90648.059,10805239567.9941
2025-07-28 06:00:00+00:00,2025-07-28,6,90791.121,10851091487.6691
2025-07-28 07:00:00+00:00,2025-07-28,7,90966.472,10865481151.3928
2025-07-28 08:00:00+00:00,2025-07-28,8,90449.02,10753439616.984936
2025-07-28 09:00:00+00:00,2025-07-28,9,90739.743,10802893067.2248
2025-07-28 10:00:00+00:00,2025-07-28,10,90764.592,10793831375.23998
2025-07-28 11:00:00+00:00,2025-07-28,11,90641.323,10764337517.358326
2025-07-28 12:00:00+00:00,2025-07-28,12,90581.279,10762206802.995014
2025-07-28 13:00:00+00:00,2025-07-28,13,90750.023,10784823483.343
2025-07-28 14:00:00+00:00,2025-07-28,14,92007.476,10894734043.6264
2025-07-28 15:00:00+00:00,2025-07-28,15,91894.41,10840627327.203
2025-07-28 16:00:00+00:00,2025-07-28,16,92296.159,10905591064.917904
2025-07-28 17:00:00+00:00,2025-07-28,17,92422.517,10905665663.383017
2025-07-28 18:00:00+00:00,2025-07-28,18,92108.198,10836529494.7
2025-07-28 19:00:00+00:00,2025-07-28,19,91897.563,10821957399.910473
2025-07-28 20:00:00+00:00,2025-07-28,20,91981.839,10858708598.382835
2025-07-28 21:00:00+00:00,2025-07-28,21,91890.553,10847217970.3605
2025-07-28 22:00:00+00:00,2025-07-28,22,91841.174,10845356569.76864
2025-07-28 23:00:00+00:00,2025-07-28,23,91840.565,10822767701.295
2025-07-29 00:00:00+00:00,2025-07-29,0,91809.746,10837393360.979504
2025-07-29 01:00:00+00:00,2025-07-29,1,91808.543,10828453242.746113
2025-07-29 02:00:00+00:00,2025-07-29,2,91723.085,10799356787.8895
2025-07-29 03:00:00+00:00,2025-07-29,3,91645.375,10820493701.134716
2025-07-29 04:00:00+00:00,2025-07-29,4,91478.22,10862471460.036
2025-07-29 05:00:00+00:00,2025-07-29,5,91501.583,10842398616.567694
2025-07-29 06:00:00+00:00,2025-07-29,6,91639.38,10883642605.08
2025-07-29 07:00:00+00:00,2025-07-29,7,91632.14,10878567660.8
2025-07-29 08:00:00+00:00,2025-07-29,8,91531.764,10879126801.5132
2025-07-29 09:00:00+00:00,2025-07-29,9,91736.298,10906326649.3644
2025-07-29 10:00:00+00:00,2025-07-29,10,91640.871,10882353431.25
2025-07-29 11:00:00+00:00,2025-07-29,11,91459.117,10817775212.8483
2025-07-29 12:00:00+00:00,2025-07-29,12,91522.308,10850916058.18782
2025-07-29 13:00:00+00:00,2025-07-29,13,90903.538,10806108912.216162
2025-07-29 14:00:00+00:00,2025-07-29,14,90673.338,10752951153.42
2025-07-29 15:00:00+00:00,2025-07-29,15,89746.557,10570502052.6069
2025-07-29 16:00:00+00:00,2025-07-29,16,90532.427,10624110518.35358
2025-07-29 17:00:00+00:00,2025-07-29,17,91910.591,10818367328.955826
2025-07-29 18:00:00+00:00,2025-07-29,18,91491.168,10771183662.877825
2025-07-29 19:00:00+00:00,2025-07-29,19,91498.058,10756758612.9516
2025-07-29 20:00:00+00:00,2025-07-29,20,91577.159,10758933367.3991
2025-07-29 21:00:00+00:00,2025-07-29,21,91290.636,10723245435.36977
2025-07-29 22:00:00+00:00,2025-07-29,22,91244.25,10726780464.433975
2025-07-29 23:00:00+00:00,2025-07-29,23,91027.159,10723187746.93683
2025-07-30 00:00:00+00:00,2025-07-30,0,90965.943,10725260093.50966
2025-07-30 01:00:00+00:00,2025-07-30,1,90779.901,10684794347.7
2025-07-30 02:00:00+00:00,2025-07-30,2,90915.125,10711147617.687698
2025-07-30 03:00:00+00:00,2025-07-30,3,91030.888,10739820432.984089
2025-07-30 04:00:00+00:00,2025-07-30,4,90916.464,10738358977.413189
2025-07-30 05:00:00+00:00,2025-07-30,5,90850.943,10715859641.7557
2025-07-30 06:00:00+00:00,2025-07-30,6,90917.387,10723773725.772987
2025-07-30 07:00:00+00:00,2025-07-30,7,90890.364,10746991142.447962
2025-07-30 08:00:00+00:00,2025-07-30,8,91057.893,10752407390.6976
2025-07-30 09:00:00+00:00,2025-07-30,9,90854.231,10751412813.3331
2025-07-30 10:00:00+00:00,2025-07-30,10,91004.091,10749985655.1024
2025-07-30 11:00:00+00:00,2025-07-30,11,91006.608,10736604686.0688
2025-07-30 12:00:00+00:00,2025-07-30,12,90278.071,10607655286.8858
2025-07-30 13:00:00+00:00,2025-07-30,13,90222.432,10618958114.05198
2025-07-30 14:00:00+00:00,2025-07-30,14,90315.52,10624496209.19575
2025-07-30 15:00:00+00:00,2025-07-30,15,90852.362,10782222043.617
2025-07-30 16:00:00+00:00,2025-07-30,16,90215.699,10640598877.3938
2025-07-30 17:00:00+00:00,2025-07-30,17,90035.187,10596556281.1845
2025-07-30 18:00:00+00:00,2025-07-30,18,90142.069,10614048340.612
2025-07-30 19:00:00+00:00,2025-07-30,19,91207.646,10623592983.142
2025-07-30 20:00:00+00:00,2025-07-30,20,91825.435,10733800616.32079
2025-07-30 21:00:00+00:00,2025-07-30,21,91717.983,10743743638.8387
2025-07-30 22:00:00+00:00,2025-07-30,22,91709.153,10755649463.84
2025-07-30 23:00:00+00:00,2025-07-30,23,91717.657,10771214043.8737
2025-07-31 00:00:00+00:00,2025-07-31,0,91480.686,10773947547.631638
2025-07-31 01:00:00+00:00,2025-07-31,1,91629.98,10846615210.384926
2025-07-31 02:00:00+00:00,2025-07-31,2,91718.25,10825064799.9
2025-07-31 03:00:00+00:00,2025-07-31,3,91346.38,10815241520.82982
2025-07-31 04:00:00+00:00,2025-07-31,4,91063.691,10783334288.8723
2025-07-31 05:00:00+00:00,2025-07-31,5,91174.191,10801625225.8284
2025-07-31 06:00:00+00:00,2025-07-31,6,91345.826,10808028997.7374
2025-07-31 07:00:00+00:00,2025-07-31,7,91431.741,10849260781.396433
2025-07-31 08:00:00+00:00,2025-07-31,8,90766.047,10767031559.328
2025-07-31 09:00:00+00:00,2025-07-31,9,90869.447,10773285742.863075
2025-07-31 10:00:00+00:00,2025-07-31,10,90935.358,10781514289.3392
2025-07-31 11:00:00+00:00,2025-07-31,11,90987.64,10779660562.596
2025-07-31 12:00:00+00:00,2025-07-31,12,91067.344,10776317607.646597
2025-07-31 13:00:00+00:00,2025-07-31,13,91390.057,10837320724.82622
2025-07-31 14:00:00+00:00,2025-07-31,14,91422.016,10834387942.202154
2025-07-31 15:00:00+00:00,2025-07-31,15,91152.852,10744359855.6588
2025-07-31 16:00:00+00:00,2025-07-31,16,91258.63,10792582836.019053
2025-07-31 17:00:00+00:00,2025-07-31,17,91321.544,10821258321.45627
2025-07-31 18:00:00+00:00,2025-07-31,18,90934.542,10702531827.2358
2025-07-31 19:00:00+00:00,2025-07-31,19,90641.452,10660365621.565071
2025-07-31 20:00:00+00:00,2025-07-31,20,90512.922,10565294345.855637
2025-07-31 21:00:00+00:00,2025-07-31,21,90771.515,10570971222.772604
2025-07-31 22:00:00+00:00,2025-07-31,22,90741.381,10570235876.209867
2025-07-31 23:00:00+00:00,2025-07-31,23,90427.073,10484778854.2035
2025-08-01 00:00:00+00:00,2025-08-01,0,90242.852,10441293601.323362
2025-08-01 01:00:00+00:00,2025-08-01,1,89407.351,10315178691.932724
2025-08-01 02:00:00+00:00,2025-08-01,2,89835.638,10356827296.7232
2025-08-01 03:00:00+00:00,2025-08-01,3,90203.104,10455324520.6048
2025-08-01 04:00:00+00:00,2025-08-01,4,89838.596,10384948153.120518
2025-08-01 05:00:00+00:00,2025-08-01,5,90094.76,10419305832.908
2025-08-01 06:00:00+00:00,2025-08-01,6,90237.289,10423500943.855556
2025-08-01 07:00:00+00:00,2025-08-01,7,90272.387,10391507230.2536
2025-08-01 08:00:00+00:00,2025-08-01,8,89619.964,10309747656.363983
2025-08-01 09:00:00+00:00,2025-08-01,9,89672.516,10275161497.59946
2025-08-01 10:00:00+00:00,2025-08-01,10,89842.495,10322040187.548
2025-08-01 11:00:00+00:00,2025-08-01,11,89408.83,10254325535.349
2025-08-01 12:00:00+00:00,2025-08-01,12,89297.413,10291527900.083334
2025-08-01 13:00:00+00:00,2025-08-01,13,89414.889,10343373361.634869
2025-08-01 14:00:00+00:00,2025-08-01,14,89537.618,10236996795.210142
2025-08-01 15:00:00+00:00,2025-08-01,15,89000.031,10285617882.6297
2025-08-01 16:00:00+00:00,2025-08-01,16,88760.975,10234610850.6675
2025-08-01 17:00:00+00:00,2025-08-01,17,88654.471,10192442026.260984
2025-08-01 18:00:00+00:00,2025-08-01,18,88399.668,10111887743.0844
2025-08-01 19:00:00+00:00,2025-08-01,19,88969.985,10125915594.06765
2025-08-01 20:00:00+00:00,2025-08-01,20,89134.659,10097031556.0656
2025-08-01 21:00:00+00:00,2025-08-01,21,89204.95,10160443805.0
2025-08-01 22:00:00+00:00,2025-08-01,22,89099.361,10142527750.1379
2025-08-01 23:00:00+00:00,2025-08-01,23,88892.82,10053143113.92597
2025-08-02 00:00:00+00:00,2025-08-02,0,89004.236,10079258004.5492
2025-08-02 01:00:00+00:00,2025-08-02,1,89024.286,10127376449.56018
2025-08-02 02:00:00+00:00,2025-08-02,2,88865.516,10097018354.742737
2025-08-02 03:00:00+00:00,2025-08-02,3,88869.331,10099741747.0901
2025-08-02 04:00:00+00:00,2025-08-02,4,88929.358,10125561435.04214
2025-08-02 05:00:00+00:00,2025-08-02,5,89011.935,10144654627.176
2025-08-02 06:00:00+00:00,2025-08-02,6,88986.406,10138141147.8146
2025-08-02 07:00:00+00:00,2025-08-02,7,88829.63,10095931597.65
2025-08-02 08:00:00+00:00,2025-08-02,8,88741.318,10109552932.6688
2025-08-02 09:00:00+00:00,2025-08-02,9,88465.068,10053076174.404676
2025-08-02 10:00:00+00:00,2025-08-02,10,88211.265,10024319220.836536
2025-08-02 11:00:00+00:00,2025-08-02,11,87794.13,9965002490.346
2025-08-02 12:00:00+00:00,2025-08-02,12,87774.347,9983016287.534458
2025-08-02 13:00:00+00:00,2025-08-02,13,87817.179,9975521586.086882
2025-08-02 14:00:00+00:00,2025-08-02,14,87660.021,9942283227.75242
2025-08-02 15:00:00+00:00,2025-08-02,15,87817.345,9930054616.524551
2025-08-02 16:00:00+00:00,2025-08-02,16,86485.291,9755411096.8635
2025-08-02 17:00:00+00:00,2025-08-02,17,86356.397,9771822179.6893
2025-08-02 18:00:00+00:00,2025-08-02,18,87334.432,9841656007.9776
2025-08-02 19:00:00+00:00,2025-08-02,19,86905.713,9758216674.7763
2025-08-02 20:00:00+00:00,2025-08-02,20,86187.308,9668104368.554
2025-08-02 21:00:00+00:00,2025-08-02,21,85930.062,9688640269.5186
2025-08-02 22:00:00+00:00,2025-08-02,22,85730.462,9672065742.61364
2025-08-02 23:00:00+00:00,2025-08-02,23,85769.418,9675673775.4054
2025-08-03 00:00:00+00:00,2025-08-03,0,85730.243,9645489573.77301
2025-08-03 01:00:00+00:00,2025-08-03,1,85601.163,9665997096.744692
2025-08-03 02:00:00+00:00,2025-08-03,2,85801.902,9700758523.62886
2025-08-03 03:00:00+00:00,2025-08-03,3,85852.452,9741479076.442236
2025-08-03 04:00:00+00:00,2025-08-03,4,86240.051,9792853325.393057
2025-08-03 05:00:00+00:00,2025-08-03,5,86140.955,9770468908.111
2025-08-03 06:00:00+00:00,2025-08-03,6,86092.176,9777692353.859486
2025-08-03 07:00:00+00:00,2025-08-03,7,86121.431,9775273240.448788
2025-08-03 08:00:00+00:00,2025-08-03,8,86075.402,9782219818.6342
2025-08-03 09:00:00+00:00,2025-08-03,9,85877.232,9759165933.9888
2025-08-03 10:00:00+00:00,2025-08-03,10,85884.333,9757516606.0959
2025-08-03 11:00:00+00:00,2025-08-03,11,85951.591,9785304346.414448
2025-08-03 12:00:00+00:00,2025-08-03,12,86111.878,9800818117.721088
2025-08-03 13:00:00+00:00,2025-08-03,13,86148.068,9817920767.500645
2025-08-03 14:00:00+00:00,2025-08-03,14,86062.955,9802303779.3395
2025-08-03 15:00:00+00:00,2025-08-03,15,86032.304,9785620509.207556
2025-08-03 16:00:00+00:00,2025-08-03,16,85987.366,9794422722.544538
2025-08-03 17:00:00+00:00,2025-08-03,17,85889.563,9787132881.7626
2025-08-03 18:00:00+00:00,2025-08-03,18,85876.099,9795792149.2211
2025-08-03 19:00:00+00:00,2025-08-03,19,85833.487,9813205235.1308
2025-08-03 20:00:00+00:00,2025-08-03,20,85477.847,9766621868.1577
2025-08-03 21:00:00+00:00,2025-08-03,21,85348.818,9761924686.6224
2025-08-03 22:00:00+00:00,2025-08-03,22,85298.268,9756313535.9184
2025-08-03 23:00:00+00:00,2025-08-03,23,85155.658,9730836467.529757
2025-08-04 00:00:00+00:00,2025-08-04,0,85207.636,9726528336.2724
2025-08-04 01:00:00+00:00,2025-08-04,1,84968.15,9759033861.88
2025-08-04 02:00:00+00:00,2025-08-04,2,85056.829,9750727751.5362
2025-08-04 03:00:00+00:00,2025-08-04,3,85252.484,9783660125.123993
2025-08-04 04:00:00+00:00,2025-08-04,4,85227.383,9760607904.121658
2025-08-04 05:00:00+00:00,2025-08-04,5,85066.332,9726226077.2377
2025-08-04 06:00:00+00:00,2025-08-04,6,84884.246,9706045136.985191
2025-08-04 07:00:00+00:00,2025-08-04,7,84872.732,9707321847.722778
2025-08-04 08:00:00+00:00,2025-08-04,8,84995.356,9741062765.092
2025-08-04 09:00:00+00:00,2025-08-04,9,85146.312,9748690758.3408
2025-08-04 10:00:00+00:00,2025-08-04,10,85207.67,9736936073.91
2025-08-04 11:00:00+00:00,2025-08-04,11,85215.501,9731843248.646248
2025-08-04 12:00:00+00:00,2025-08-04,12,85125.166,9742824900.147743
2025-08-04 13:00:00+00:00,2025-08-04,13,85095.819,9734920746.478155
2025-08-04 14:00:00+00:00,2025-08-04,14,84939.376,9757166760.398165
2025-08-04 15:00:00+00:00,2025-08-04,15,84961.537,9743924320.843102
2025-08-04 16:00:00+00:00,2025-08-04,16,84931.483,9747979333.887089
2025-08-04 17:00:00+00:00,2025-08-04,17,85433.483,9846490846.2439
2025-08-04 18:00:00+00:00,2025-08-04,18,85272.313,9819430876.7394
2025-08-04 19:00:00+00:00,2025-08-04,19,85427.853,9818310130.034866
2025-08-04 20:00:00+00:00,2025-08-04,20,85482.565,9807420044.002811
2025-08-04 21:00:00+00:00,2025-08-04,21,85194.839,9776541391.360718
2025-08-04 22:00:00+00:00,2025-08-04,22,84999.931,9780253560.7289
2025-08-04 23:00:00+00:00,2025-08-04,23,85006.872,9799949233.0224
2025-08-05 00:00:00+00:00,2025-08-05,0,84829.515,9755572366.9815
2025-08-05 01:00:00+00:00,2025-08-05,1,84657.537,9721859905.2375
2025-08-05 02:00:00+00:00,2025-08-05,2,84535.045,9693456086.5555
2025-08-05 03:00:00+00:00,2025-08-05,3,84493.979,9689686749.5617
2025-08-05 04:00:00+00:00,2025-08-05,4,84244.055,9621934741.825
2025-08-05 05:00:00+00:00,2025-08-05,5,83996.556,9599858572.008204
2025-08-05 06:00:00+00:00,2025-08-05,6,83984.33,9605615360.987
2025-08-05 07:00:00+00:00,2025-08-05,7,84094.898,9598166768.857544
2025-08-05 08:00:00+00:00,2025-08-05,8,84402.837,9615567884.3739
2025-08-05 09:00:00+00:00,2025-08-05,9,84461.01,9648848262.493437
2025-08-05 10:00:00+00:00,2025-08-05,10,84506.474,9687608921.761349
2025-08-05 11:00:00+00:00,2025-08-05,11,84821.992,9737530752.8032
2025-08-05 12:00:00+00:00,2025-08-05,12,84781.021,9731453451.742584
2025-08-05 13:00:00+00:00,2025-08-05,13,84641.651,9640421659.7819
2025-08-05 14:00:00+00:00,2025-08-05,14,84842.757,9700128176.552614
2025-08-05 15:00:00+00:00,2025-08-05,15,85042.044,9608194847.412895
2025-08-05 16:00:00+00:00,2025-08-05,16,85459.376,9647752223.04701
2025-08-05 17:00:00+00:00,2025-08-05,17,85548.59,9678085139.940723
2025-08-05 18:00:00+00:00,2025-08-05,18,85048.082,9661368581.106276
2025-08-05 19:00:00+00:00,2025-08-05,19,85011.544,9656971352.224
2025-08-05 20:00:00+00:00,2025-08-05,20,84949.906,9648040035.677876
2025-08-05 21:00:00+00:00,2025-08-05,21,84409.983,9593194567.95
2025-08-05 22:00:00+00:00,2025-08-05,22,84383.44,9581293538.817583
2025-08-05 23:00:00+00:00,2025-08-05,23,84208.439,9592174865.6461
2025-08-06 00:00:00+00:00,2025-08-06,0,83848.531,9565232667.16235
2025-08-06 01:00:00+00:00,2025-08-06,1,83773.935,9536482870.169138
2025-08-06 02:00:00+00:00,2025-08-06,2,83905.089,9547467056.054745
2025-08-06 03:00:00+00:00,2025-08-06,3,83788.57,9517434741.159
2025-08-06 04:00:00+00:00,2025-08-06,4,83797.331,9508491528.3031
2025-08-06 05:00:00+00:00,2025-08-06,5,83937.172,9517933252.831848
2025-08-06 06:00:00+00:00,2025-08-06,6,83683.857,9549022659.7131
2025-08-06 07:00:00+00:00,2025-08-06,7,83694.504,9544705364.0688
2025-08-06 08:00:00+00:00,2025-08-06,8,83905.938,9580422163.24829
2025-08-06 09:00:00+00:00,2025-08-06,9,83510.271,9511828217.9271
2025-08-06 10:00:00+00:00,2025-08-06,10,83713.564,9547490117.418
2025-08-06 11:00:00+00:00,2025-08-06,11,83545.385,9526658465.95715
2025-08-06 12:00:00+00:00,2025-08-06,12,83336.835,9516087589.438845
2025-08-06 13:00:00+00:00,2025-08-06,13,83216.882,9475623415.9412
2025-08-06 14:00:00+00:00,2025-08-06,14,83788.45,9571311333.42232
2025-08-06 15:00:00+00:00,2025-08-06,15,83695.192,9637020292.785862
2025-08-06 16:00:00+00:00,2025-08-06,16,83846.735,9675061636.461096
2025-08-06 17:00:00+00:00,2025-08-06,17,83841.768,9649223316.468
2025-08-06 18:00:00+00:00,2025-08-06,18,83830.61,9679543298.955
2025-08-06 19:00:00+00:00,2025-08-06,19,84216.468,9716570497.954151
2025-08-06 20:00:00+00:00,2025-08-06,20,84097.652,9689512588.54374
2025-08-06 21:00:00+00:00,2025-08-06,21,83912.075,9651101943.191805
2025-08-06 22:00:00+00:00,2025-08-06,22,83778.064,9635348651.8656
2025-08-06 23:00:00+00:00,2025-08-06,23,83757.288,9635966082.4344
2025-08-07 00:00:00+00:00,2025-08-07,0,83762.857,9628139769.534996
2025-08-07 01:00:00+00:00,2025-08-07,1,83714.128,9614462039.825315
2025-08-07 02:00:00+00:00,2025-08-07,2,83617.588,9591356983.002468
2025-08-07 03:00:00+00:00,2025-08-07,3,83511.302,9564058026.630745
2025-08-07 04:00:00+00:00,2025-08-07,4,83419.443,9551592959.0544
2025-08-07 05:00:00+00:00,2025-08-07,5,83348.613,9527616517.519106
2025-08-07 06:00:00+00:00,2025-08-07,6,82949.246,9500168849.4554
2025-08-07 07:00:00+00:00,2025-08-07,7,83072.593,9520368375.579
2025-08-07 08:00:00+00:00,2025-08-07,8,83235.512,9551349913.9608
2025-08-07 09:00:00+00:00,2025-08-07,9,83617.579,9608771940.900702
2025-08-07 10:00:00+00:00,2025-08-07,10,83813.204,9640236630.682
2025-08-07 11:00:00+00:00,2025-08-07,11,84792.923,9861525075.846409
2025-08-07 12:00:00+00:00,2025-08-07,12,84804.341,9877076791.929
2025-08-07 13:00:00+00:00,2025-08-07,13,84508.548,9830355435.8424
2025-08-07 14:00:00+00:00,2025-08-07,14,84749.316,9880583755.176
2025-08-07 15:00:00+00:00,2025-08-07,15,84747.439,9856127155.7
2025-08-07 16:00:00+00:00,2025-08-07,16,85069.535,9922051186.911
2025-08-07 17:00:00+00:00,2025-08-07,17,84360.97,9803158082.753
2025-08-07 18:00:00+00:00,2025-08-07,18,84240.944,9810699122.85041
2025-08-07 19:00:00+00:00,2025-08-07,19,84088.823,9798447871.37054
2025-08-07 20:00:00+00:00,2025-08-07,20,83216.198,9771037928.665
2025-08-07 21:00:00+00:00,2025-08-07,21,83389.77,9766815751.74213
2025-08-07 22:00:00+00:00,2025-08-07,22,83269.117,9746076925.452892
2025-08-07 23:00:00+00:00,2025-08-07,23,83116.525,9766199999.1525
2025-08-08 00:00:00+00:00,2025-08-08,0,82983.91,9743962413.809
2025-08-08 01:00:00+00:00,2025-08-08,1,82993.22,9728793400.825716
2025-08-08 02:00:00+00:00,2025-08-08,2,82992.428,9697092564.0468
2025-08-08 03:00:00+00:00,2025-08-08,3,82985.796,9680625046.584
2025-08-08 04:00:00+00:00,2025-08-08,4,83063.444,9692871997.536629
2025-08-08 05:00:00+00:00,2025-08-08,5,83177.441,9706807364.7
2025-08-08 06:00:00+00:00,2025-08-08,6,83013.619,9669966059.739122
2025-08-08 07:00:00+00:00,2025-08-08,7,82921.468,9676445978.050735
2025-08-08 08:00:00+00:00,2025-08-08,8,83151.416,9709898836.739338
2025-08-08 09:00:00+00:00,2025-08-08,9,83188.298,9697296154.092934
2025-08-08 10:00:00+00:00,2025-08-08,10,83265.073,9711113872.409698
2025-08-08 11:00:00+00:00,2025-08-08,11,83278.914,9702024598.85993
2025-08-08 12:00:00+00:00,2025-08-08,12,83279.5,9730748239.188082
2025-08-08 13:00:00+00:00,2025-08-08,13,83289.411,9699076897.773298
2025-08-08 14:00:00+00:00,2025-08-08,14,83051.708,9705927951.642803
2025-08-08 15:00:00+00:00,2025-08-08,15,83781.177,9755622677.8809
2025-08-08 16:00:00+00:00,2025-08-08,16,83078.157,9651311673.77412
2025-08-08 17:00:00+00:00,2025-08-08,17,83275.305,9671852076.1455
2025-08-08 18:00:00+00:00,2025-08-08,18,83339.873,9722929623.418
2025-08-08 19:00:00+00:00,2025-08-08,19,82765.091,9637674672.264591
2025-08-08 20:00:00+00:00,2025-08-08,20,82399.896,9590718205.038364
2025-08-08 21:00:00+00:00,2025-08-08,21,82270.83,9613423806.36812
2025-08-08 22:00:00+00:00,2025-08-08,22,82334.554,9623509675.182
2025-08-08 23:00:00+00:00,2025-08-08,23,82320.749,9618377759.429855
2025-08-09 00:00:00+00:00,2025-08-09,0,82228.761,9590192383.6602
2025-08-09 01:00:00+00:00,2025-08-09,1,82098.743,9568017385.7004
2025-08-09 02:00:00+00:00,2025-08-09,2,82053.265,9560600278.005
2025-08-09 03:00:00+00:00,2025-08-09,3,82042.833,9546346824.050934
2025-08-09 04:00:00+00:00,2025-08-09,4,82166.328,9558536188.25925
2025-08-09 05:00:00+00:00,2025-08-09,5,82596.761,9613057307.564436
2025-08-09 06:00:00+00:00,2025-08-09,6,83035.615,9688982614.997686
2025-08-09 07:00:00+00:00,2025-08-09,7,83015.676,9679744043.5464
2025-08-09 08:00:00+00:00,2025-08-09,8,83115.814,9699881464.4048
2025-08-09 09:00:00+00:00,2025-08-09,9,83456.09,9770162728.255
2025-08-09 10:00:00+00:00,2025-08-09,10,83876.019,9853192742.792702
2025-08-09 11:00:00+00:00,2025-08-09,11,83993.573,9858762353.995384
2025-08-09 12:00:00+00:00,2025-08-09,12,83461.083,9770371681.395
2025-08-09 13:00:00+00:00,2025-08-09,13,83621.498,9788490053.5358
2025-08-09 14:00:00+00:00,2025-08-09,14,83694.067,9785195910.251257
2025-08-09 15:00:00+00:00,2025-08-09,15,84121.283,9835797217.008154
2025-08-09 16:00:00+00:00,2025-08-09,16,83763.221,9786781683.628788
2025-08-09 17:00:00+00:00,2025-08-09,17,83819.761,9773115909.3648
2025-08-09 18:00:00+00:00,2025-08-09,18,83833.381,9777329724.76378
2025-08-09 19:00:00+00:00,2025-08-09,19,83882.562,9779020689.7038
2025-08-09 20:00:00+00:00,2025-08-09,20,83921.997,9776912650.5
2025-08-09 21:00:00+00:00,2025-08-09,21,84180.642,9827578149.062033
2025-08-09 22:00:00+00:00,2025-08-09,22,84034.137,9788220647.0367
2025-08-09 23:00:00+00:00,2025-08-09,23,84118.078,9799957970.3872
2025-08-10 00:00:00+00:00,2025-08-10,0,84005.291,9780063988.802
2025-08-10 01:00:00+00:00,2025-08-10,1,84034.338,9806157955.738724
2025-08-10 02:00:00+00:00,2025-08-10,2,84260.231,9819400881.244474
2025-08-10 03:00:00+00:00,2025-08-10,3,85907.001,10074706295.14704
2025-08-10 04:00:00+00:00,2025-08-10,4,85804.62,10165601359.244589
2025-08-10 05:00:00+00:00,2025-08-10,5,86232.922,10215498120.747866
2025-08-10 06:00:00+00:00,2025-08-10,6,85766.359,10121046834.170238
2025-08-10 07:00:00+00:00,2025-08-10,7,85432.562,10083767614.7278
2025-08-10 08:00:00+00:00,2025-08-10,8,85090.83,10021147049.1
2025-08-10 09:00:00+00:00,2025-08-10,9,85247.493,10082033452.6254
2025-08-10 10:00:00+00:00,2025-08-10,10,84942.358,10044794225.520533
2025-08-10 11:00:00+00:00,2025-08-10,11,85011.678,10029771283.2858
2025-08-10 12:00:00+00:00,2025-08-10,12,85131.021,10070659260.216
2025-08-10 13:00:00+00:00,2025-08-10,13,85384.882,10116907961.088072
2025-08-10 14:00:00+00:00,2025-08-10,14,85606.158,10136908677.82701
2025-08-10 15:00:00+00:00,2025-08-10,15,86122.435,10227023762.223877
2025-08-10 16:00:00+00:00,2025-08-10,16,86381.454,10259804718.3074
2025-08-10 17:00:00+00:00,2025-08-10,17,86669.676,10282638953.271349
2025-08-10 18:00:00+00:00,2025-08-10,18,86563.559,10256872824.1305
2025-08-10 19:00:00+00:00,2025-08-10,19,86562.457,10259376772.031109
2025-08-10 20:00:00+00:00,2025-08-10,20,86596.617,10272502183.911602
2025-08-10 21:00:00+00:00,2025-08-10,21,86659.399,10250919072.546148
2025-08-10 22:00:00+00:00,2025-08-10,22,86434.479,10257862455.3141
2025-08-10 23:00:00+00:00,2025-08-10,23,86842.043,10331884434.4519
2025-08-11 00:00:00+00:00,2025-08-11,0,86956.39,10370019072.006
2025-08-11 01:00:00+00:00,2025-08-11,1,87089.786,10372505133.764635
2025-08-11 02:00:00+00:00,2025-08-11,2,88665.997,10625543697.164171
2025-08-11 03:00:00+00:00,2025-08-11,3,91021.558,11090718806.422997
2025-08-11 04:00:00+00:00,2025-08-11,4,92869.235,11302591914.744385
2025-08-11 05:00:00+00:00,2025-08-11,5,92561.44,11299866208.960112
2025-08-11 06:00:00+00:00,2025-08-11,6,92802.797,11325857512.0334
2025-08-11 07:00:00+00:00,2025-08-11,7,93394.514,11421121722.546
2025-08-11 08:00:00+00:00,2025-08-11,8,94118.272,11438521433.450235
2025-08-11 09:00:00+00:00,2025-08-11,9,93857.308,11419919007.7456
2025-08-11 10:00:00+00:00,2025-08-11,10,93496.304,11351543668.313025
2025-08-11 11:00:00+00:00,2025-08-11,11,93351.552,11312808418.316725
2025-08-11 12:00:00+00:00,2025-08-11,12,93205.783,11236456148.202765
2025-08-11 13:00:00+00:00,2025-08-11,13,93516.441,11187076250.673014
2025-08-11 14:00:00+00:00,2025-08-11,14,93544.993,11221376725.301
2025-08-11 15:00:00+00:00,2025-08-11,15,93553.641,11245575090.040688
2025-08-11 16:00:00+00:00,2025-08-11,16,93257.654,11216747775.69655
2025-08-11 17:00:00+00:00,2025-08-11,17,92536.345,11096835327.865656
2025-08-11 18:00:00+00:00,2025-08-11,18,92126.907,11006852889.313423
2025-08-11 19:00:00+00:00,2025-08-11,19,91751.451,10987052754.348
2025-08-11 20:00:00+00:00,2025-08-11,20,90574.302,10782499298.4618
2025-08-11 21:00:00+00:00,2025-08-11,21,90284.289,10724777170.889353
2025-08-11 22:00:00+00:00,2025-08-11,22,89864.927,10664378725.0024
2025-08-11 23:00:00+00:00,2025-08-11,23,89738.664,10665045366.2784
2025-08-12 00:00:00+00:00,2025-08-12,0,89725.76,10645255106.39375
2025-08-12 01:00:00+00:00,2025-08-12,1,89813.207,10679499836.6353
2025-08-12 02:00:00+00:00,2025-08-12,2,89860.103,10686558833.2132
2025-08-12 03:00:00+00:00,2025-08-12,3,89846.78,10692501702.105488
2025-08-12 04:00:00+00:00,2025-08-12,4,89749.039,10663370520.5148
2025-08-12 05:00:00+00:00,2025-08-12,5,89730.185,10680287102.52597
2025-08-12 06:00:00+00:00,2025-08-12,6,89417.683,10621432828.60638
2025-08-12 07:00:00+00:00,2025-08-12,7,89377.037,10617339543.2299
2025-08-12 08:00:00+00:00,2025-08-12,8,89192.509,10607834561.1371
2025-08-12 09:00:00+00:00,2025-08-12,9,89279.898,10603005678.3372
2025-08-12 10:00:00+00:00,2025-08-12,10,89342.634,10574415474.972
2025-08-12 11:00:00+00:00,2025-08-12,11,89193.496,10561134280.872
2025-08-12 12:00:00+00:00,2025-08-12,12,89172.73,10563767203.993
2025-08-12 13:00:00+00:00,2025-08-12,13,89805.376,10706497822.907942
2025-08-12 14:00:00+00:00,2025-08-12,14,89643.457,10650225374.0705
2025-08-12 15:00:00+00:00,2025-08-12,15,89832.474,10727228100.4938
2025-08-12 16:00:00+00:00,2025-08-12,16,89917.19,10779758290.026
2025-08-12 17:00:00+00:00,2025-08-12,17,89277.643,10677351614.614548
2025-08-12 18:00:00+00:00,2025-08-12,18,88999.617,10610849851.733456
2025-08-12 19:00:00+00:00,2025-08-12,19,89137.323,10633859790.5925
2025-08-12 20:00:00+00:00,2025-08-12,20,89315.488,10683234957.0567
2025-08-12 21:00:00+00:00,2025-08-12,21,88767.573,10664298873.4194
2025-08-12 22:00:00+00:00,2025-08-12,22,88623.202,10621845252.508
2025-08-12 23:00:00+00:00,2025-08-12,23,88715.859,10650330001.3641
2025-08-13 00:00:00+00:00,2025-08-13,0,88969.703,10683570905.943
2025-08-13 01:00:00+00:00,2025-08-13,1,88588.922,10601368384.627594
2025-08-13 02:00:00+00:00,2025-08-13,2,88340.725,10550400163.63586
2025-08-13 03:00:00+00:00,2025-08-13,3,88417.488,10566249562.732103
2025-08-13 04:00:00+00:00,2025-08-13,4,88533.235,10574104683.467594
2025-08-13 05:00:00+00:00,2025-08-13,5,88669.564,10578080253.896832
2025-08-13 06:00:00+00:00,2025-08-13,6,88965.735,10589582540.4765
2025-08-13 07:00:00+00:00,2025-08-13,7,88922.602,10614513155.536
2025-08-13 08:00:00+00:00,2025-08-13,8,89384.671,10685692094.372017
2025-08-13 09:00:00+00:00,2025-08-13,9,89304.189,10717895825.3484
2025-08-13 10:00:00+00:00,2025-08-13,10,89750.782,10778261161.162
2025-08-13 11:00:00+00:00,2025-08-13,11,90273.992,10875163377.8528
2025-08-13 12:00:00+00:00,2025-08-13,12,90696.901,10933221185.4668
2025-08-13 13:00:00+00:00,2025-08-13,13,90896.928,10930188505.662352
2025-08-13 14:00:00+00:00,2025-08-13,14,93255.969,11355131233.715809
2025-08-13 15:00:00+00:00,2025-08-13,15,92856.361,11224476917.68
2025-08-13 16:00:00+00:00,2025-08-13,16,92639.874,11200824230.88926
2025-08-13 17:00:00+00:00,2025-08-13,17,92813.851,11269448507.0349
2025-08-13 18:00:00+00:00,2025-08-13,18,92915.654,11314757308.023
2025-08-13 19:00:00+00:00,2025-08-13,19,92803.393,11284370597.622211
2025-08-13 20:00:00+00:00,2025-08-13,20,92266.054,11322807107.4314
2025-08-13 21:00:00+00:00,2025-08-13,21,92846.798,11411372846.9092
2025-08-13 22:00:00+00:00,2025-08-13,22,93190.85,11419079063.785906
2025-08-13 23:00:00+00:00,2025-08-13,23,93123.983,11449818780.634594
2025-08-14 00:00:00+00:00,2025-08-14,0,93245.38,11499383918.582
2025-08-14 01:00:00+00:00,2025-08-14,1,93851.607,11625501795.8577
2025-08-14 02:00:00+00:00,2025-08-14,2,93778.469,11568068469.352146
2025-08-14 03:00:00+00:00,2025-08-14,3,94049.29,11634104081.438
2025-08-14 04:00:00+00:00,2025-08-14,4,94502.641,11661122399.258144
2025-08-14 05:00:00+00:00,2025-08-14,5,94959.943,11685485705.751
2025-08-14 06:00:00+00:00,2025-08-14,6,94457.442,11539497305.1162
2025-08-14 07:00:00+00:00,2025-08-14,7,93743.44,11417402544.519384
2025-08-14 08:00:00+00:00,2025-08-14,8,93297.532,11357975841.569496
2025-08-14 09:00:00+00:00,2025-08-14,9,93619.606,11388225904.4216
2025-08-14 10:00:00+00:00,2025-08-14,10,93672.138,11395693315.6038
2025-08-14 11:00:00+00:00,2025-08-14,11,93504.309,11309607985.6152
2025-08-14 12:00:00+00:00,2025-08-14,12,93653.463,11327180312.2314
2025-08-14 13:00:00+00:00,2025-08-14,13,92981.567,11049501707.0718
2025-08-14 14:00:00+00:00,2025-08-14,14,94123.742,11142677257.795012
2025-08-14 15:00:00+00:00,2025-08-14,15,93609.184,11116287179.2864
2025-08-14 16:00:00+00:00,2025-08-14,16,93321.845,11031239338.808
2025-08-14 17:00:00+00:00,2025-08-14,17,93636.13,11032865376.163843
2025-08-14 18:00:00+00:00,2025-08-14,18,93568.819,11030228134.068962
2025-08-14 19:00:00+00:00,2025-08-14,19,92894.375,10964611053.8125
2025-08-14 20:00:00+00:00,2025-08-14,20,92700.95,10927995870.18
2025-08-14 21:00:00+00:00,2025-08-14,21,92488.579,10895732675.233822
2025-08-14 22:00:00+00:00,2025-08-14,22,92470.224,10897033335.9888
2025-08-14 23:00:00+00:00,2025-08-14,23,92146.149,10896011278.681553
2025-08-15 00:00:00+00:00,2025-08-15,0,91925.697,10869764688.159822
2025-08-15 01:00:00+00:00,2025-08-15,1,91975.235,10864539391.530712
2025-08-15 02:00:00+00:00,2025-08-15,2,91715.006,10879855650.38194
2025-08-15 03:00:00+00:00,2025-08-15,3,91754.048,10886360155.648588
2025-08-15 04:00:00+00:00,2025-08-15,4,91670.677,10901302734.5537
2025-08-15 05:00:00+00:00,2025-08-15,5,91719.803,10895451375.49958
2025-08-15 06:00:00+00:00,2025-08-15,6,91377.911,10870946800.1459
2025-08-15 07:00:00+00:00,2025-08-15,7,91569.894,10900928933.296772
2025-08-15 08:00:00+00:00,2025-08-15,8,91080.706,10830042427.636
2025-08-15 09:00:00+00:00,2025-08-15,9,91188.581,10835609602.01068
2025-08-15 10:00:00+00:00,2025-08-15,10,91217.049,10824344093.2242
2025-08-15 11:00:00+00:00,2025-08-15,11,91352.134,10855007101.838682
2025-08-15 12:00:00+00:00,2025-08-15,12,91346.445,10867006705.867165
2025-08-15 13:00:00+00:00,2025-08-15,13,92096.168,10921929162.867834
2025-08-15 14:00:00+00:00,2025-08-15,14,92563.887,10898231389.2738
2025-08-15 15:00:00+00:00,2025-08-15,15,91603.138,10748459375.6472
2025-08-15 16:00:00+00:00,2025-08-15,16,91430.514,10717966085.983835
2025-08-15 17:00:00+00:00,2025-08-15,17,91310.898,10711416642.7758
2025-08-15 18:00:00+00:00,2025-08-15,18,89327.805,10500157619.95066
2025-08-15 19:00:00+00:00,2025-08-15,19,89121.058,10437804840.3252
2025-08-15 20:00:00+00:00,2025-08-15,20,89092.465,10414900249.2535
2025-08-15 21:00:00+00:00,2025-08-15,21,88960.368,10429161118.74988
2025-08-15 22:00:00+00:00,2025-08-15,22,88963.902,10433214338.872969
2025-08-15 23:00:00+00:00,2025-08-15,23,88856.486,10453983349.1972
2025-08-16 00:00:00+00:00,2025-08-16,0,89022.785,10440774775.66448
2025-08-16 01:00:00+00:00,2025-08-16,1,89358.394,10517152347.7422
2025-08-16 02:00:00+00:00,2025-08-16,2,89851.353,10582548594.1752
2025-08-16 03:00:00+00:00,2025-08-16,3,89472.953,10509433535.261192
2025-08-16 04:00:00+00:00,2025-08-16,4,89550.348,10511867599.98
2025-08-16 05:00:00+00:00,2025-08-16,5,89994.305,10598890283.3345
2025-08-16 06:00:00+00:00,2025-08-16,6,89827.501,10559258673.5504
2025-08-16 07:00:00+00:00,2025-08-16,7,89671.087,10522668917.239506
2025-08-16 08:00:00+00:00,2025-08-16,8,89609.074,10532973150.6264
2025-08-16 09:00:00+00:00,2025-08-16,9,89497.943,10523298304.867023
2025-08-16 10:00:00+00:00,2025-08-16,10,89529.797,10498371431.9764
2025-08-16 11:00:00+00:00,2025-08-16,11,89532.16,10506325506.732191
2025-08-16 12:00:00+00:00,2025-08-16,12,89666.105,10521456627.142
2025-08-16 13:00:00+00:00,2025-08-16,13,89753.415,10564499516.433884
2025-08-16 14:00:00+00:00,2025-08-16,14,89786.784,10557040275.936
2025-08-16 15:00:00+00:00,2025-08-16,15,89836.464,10576628519.741005
2025-08-16 16:00:00+00:00,2025-08-16,16,89744.232,10556344777.464
2025-08-16 17:00:00+00:00,2025-08-16,17,90035.88,10597799375.785255
2025-08-16 18:00:00+00:00,2025-08-16,18,90348.188,10630205173.3416
2025-08-16 19:00:00+00:00,2025-08-16,19,90569.756,10655547933.308195
2025-08-16 20:00:00+00:00,2025-08-16,20,90478.715,10642422670.099085
2025-08-16 21:00:00+00:00,2025-08-16,21,90304.835,10620466916.591677
2025-08-16 22:00:00+00:00,2025-08-16,22,90218.627,10592066845.825891
2025-08-16 23:00:00+00:00,2025-08-16,23,90696.432,10648985518.632
2025-08-17 00:00:00+00:00,2025-08-17,0,90567.59,10626621094.622614
2025-08-17 01:00:00+00:00,2025-08-17,1,90484.099,10605116436.0158
2025-08-17 02:00:00+00:00,2025-08-17,2,90488.145,10621859094.192623
2025-08-17 03:00:00+00:00,2025-08-17,3,90560.679,10646964066.248714
2025-08-17 04:00:00+00:00,2025-08-17,4,90450.914,10639501785.097288
2025-08-17 05:00:00+00:00,2025-08-17,5,89938.062,10614705928.5888
2025-08-17 06:00:00+00:00,2025-08-17,6,89957.151,10610045638.781431
2025-08-17 07:00:00+00:00,2025-08-17,7,90057.543,10615613932.9137
2025-08-17 08:00:00+00:00,2025-08-17,8,90050.865,10621542489.407146
2025-08-17 09:00:00+00:00,2025-08-17,9,90142.532,10665997913.6084
2025-08-17 10:00:00+00:00,2025-08-17,10,90079.951,10655294629.31294
2025-08-17 11:00:00+00:00,2025-08-17,11,90150.234,10668946638.0342
2025-08-17 12:00:00+00:00,2025-08-17,12,90169.529,10662898465.4131
2025-08-17 13:00:00+00:00,2025-08-17,13,90101.446,10641809705.9032
2025-08-17 14:00:00+00:00,2025-08-17,14,90158.759,10673985636.769
2025-08-17 15:00:00+00:00,2025-08-17,15,90258.525,10658868170.193617
2025-08-17 16:00:00+00:00,2025-08-17,16,90300.962,10673026534.988016
2025-08-17 17:00:00+00:00,2025-08-17,17,89631.624,10558154718.56883
2025-08-17 18:00:00+00:00,2025-08-17,18,89688.774,10569490167.4362
2025-08-17 19:00:00+00:00,2025-08-17,19,89622.791,10530149168.0331
2025-08-17 20:00:00+00:00,2025-08-17,20,89588.963,10529131013.3973
2025-08-17 21:00:00+00:00,2025-08-17,21,89661.514,10539512217.275036
2025-08-17 22:00:00+00:00,2025-08-17,22,89581.953,10538715117.831425
2025-08-17 23:00:00+00:00,2025-08-17,23,89386.231,10538506406.23814
2025-08-18 00:00:00+00:00,2025-08-18,0,89560.072,10510666575.94478
2025-08-18 01:00:00+00:00,2025-08-18,1,89716.365,10518759327.879
2025-08-18 02:00:00+00:00,2025-08-18,2,88709.018,10309238688.7538
2025-08-18 03:00:00+00:00,2025-08-18,3,89052.179,10276808246.51356
2025-08-18 04:00:00+00:00,2025-08-18,4,89351.882,10299682852.309006
2025-08-18 05:00:00+00:00,2025-08-18,5,89601.821,10341461335.49364
2025-08-18 06:00:00+00:00,2025-08-18,6,89432.997,10342040716.3797
2025-08-18 07:00:00+00:00,2025-08-18,7,89235.528,10280281736.51448
2025-08-18 08:00:00+00:00,2025-08-18,8,89087.927,10258759875.4164
2025-08-18 09:00:00+00:00,2025-08-18,9,88957.212,10237872031.7712
2025-08-18 10:00:00+00:00,2025-08-18,10,88940.708,10228172525.9292
2025-08-18 11:00:00+00:00,2025-08-18,11,88806.452,10214190885.305904
2025-08-18 12:00:00+00:00,2025-08-18,12,88960.407,10223159645.49273
2025-08-18 13:00:00+00:00,2025-08-18,13,89077.621,10286068918.725237
2025-08-18 14:00:00+00:00,2025-08-18,14,89053.108,10222021087.460602
2025-08-18 15:00:00+00:00,2025-08-18,15,89162.725,10306108026.387182
2025-08-18 16:00:00+00:00,2025-08-18,16,88455.445,10269668318.9555
2025-08-18 17:00:00+00:00,2025-08-18,17,88357.689,10242306247.747755
2025-08-18 18:00:00+00:00,2025-08-18,18,87853.213,10223937940.41478
2025-08-18 19:00:00+00:00,2025-08-18,19,88028.803,10249184730.4097
2025-08-18 20:00:00+00:00,2025-08-18,20,87933.353,10224309926.7102
2025-08-18 21:00:00+00:00,2025-08-18,21,87665.928,10201228178.5344
2025-08-18 22:00:00+00:00,2025-08-18,22,87561.218,10210504874.8582
2025-08-18 23:00:00+00:00,2025-08-18,23,87441.967,10173190813.1074
2025-08-19 00:00:00+00:00,2025-08-19,0,87486.342,10164478164.3912
2025-08-19 01:00:00+00:00,2025-08-19,1,86954.226,10131845545.5618
2025-08-19 02:00:00+00:00,2025-08-19,2,87102.794,10083062984.837
2025-08-19 03:00:00+00:00,2025-08-19,3,87185.089,10088177929.6811
2025-08-19 04:00:00+00:00,2025-08-19,4,87083.742,9994292579.916964
2025-08-19 05:00:00+00:00,2025-08-19,5,86679.447,9990419186.541794
2025-08-19 06:00:00+00:00,2025-08-19,6,86772.572,9972489759.839737
2025-08-19 07:00:00+00:00,2025-08-19,7,86747.612,9972852932.707457
2025-08-19 08:00:00+00:00,2025-08-19,8,87153.781,10016479465.7928
2025-08-19 09:00:00+00:00,2025-08-19,9,87076.33,10026395310.217
2025-08-19 10:00:00+00:00,2025-08-19,10,86969.795,10026886817.222
2025-08-19 11:00:00+00:00,2025-08-19,11,86877.933,10021169752.3041
2025-08-19 12:00:00+00:00,2025-08-19,12,86887.76,10032147657.36
2025-08-19 13:00:00+00:00,2025-08-19,13,87090.204,10063708523.22
2025-08-19 14:00:00+00:00,2025-08-19,14,87372.446,10061059478.3244
2025-08-19 15:00:00+00:00,2025-08-19,15,87864.689,10001733664.243963
2025-08-19 16:00:00+00:00,2025-08-19,16,87929.074,10000173586.02
2025-08-19 17:00:00+00:00,2025-08-19,17,88262.215,10003785778.657324
2025-08-19 18:00:00+00:00,2025-08-19,18,88430.99,10034149563.44399
2025-08-19 19:00:00+00:00,2025-08-19,19,88241.978,9972085355.676332
2025-08-19 20:00:00+00:00,2025-08-19,20,88410.585,9997421906.797523
2025-08-19 21:00:00+00:00,2025-08-19,21,88390.183,10033286893.725424
2025-08-19 22:00:00+00:00,2025-08-19,22,88206.572,9999538034.78
2025-08-19 23:00:00+00:00,2025-08-19,23,87809.36,9932933336.648
2025-08-20 00:00:00+00:00,2025-08-20,0,87863.05,9913496421.178354
2025-08-20 01:00:00+00:00,2025-08-20,1,87762.005,9931288905.008
2025-08-20 02:00:00+00:00,2025-08-20,2,87749.394,9911978497.5732
2025-08-20 03:00:00+00:00,2025-08-20,3,86913.161,9854805203.6748
2025-08-20 04:00:00+00:00,2025-08-20,4,87084.837,9881321442.09585
2025-08-20 05:00:00+00:00,2025-08-20,5,87192.7,9903339919.28522
2025-08-20 06:00:00+00:00,2025-08-20,6,87141.143,9905481864.7531
2025-08-20 07:00:00+00:00,2025-08-20,7,86930.686,9876160464.1856
2025-08-20 08:00:00+00:00,2025-08-20,8,86898.769,9857518279.2992
2025-08-20 09:00:00+00:00,2025-08-20,9,86915.941,9904668318.63981
2025-08-20 10:00:00+00:00,2025-08-20,10,86911.083,9877523610.316494
2025-08-20 11:00:00+00:00,2025-08-20,11,86917.381,9886592885.373903
2025-08-20 12:00:00+00:00,2025-08-20,12,86820.721,9865221475.427502
2025-08-20 13:00:00+00:00,2025-08-20,13,86875.641,9870054512.3433
2025-08-20 14:00:00+00:00,2025-08-20,14,86838.246,9780962111.28844
2025-08-20 15:00:00+00:00,2025-08-20,15,85933.018,9746308069.015
2025-08-20 16:00:00+00:00,2025-08-20,16,86489.552,9798669463.6912
2025-08-20 17:00:00+00:00,2025-08-20,17,86741.779,9869490446.656654
2025-08-20 18:00:00+00:00,2025-08-20,18,86604.645,9885911566.2855
2025-08-20 19:00:00+00:00,2025-08-20,19,87012.736,9870324513.2544
2025-08-20 20:00:00+00:00,2025-08-20,20,86732.283,9906784935.888134
2025-08-20 21:00:00+00:00,2025-08-20,21,86451.457,9884072885.1213
2025-08-20 22:00:00+00:00,2025-08-20,22,86240.415,9857037961.338
2025-08-20 23:00:00+00:00,2025-08-20,23,85906.915,9838712798.354
2025-08-21 00:00:00+00:00,2025-08-21,0,85994.263,9822337739.89422
2025-08-21 01:00:00+00:00,2025-08-21,1,85977.727,9822309296.16167
2025-08-21 02:00:00+00:00,2025-08-21,2,86102.34,9874552150.326
2025-08-21 03:00:00+00:00,2025-08-21,3,86396.345,9849300403.307756
2025-08-21 04:00:00+00:00,2025-08-21,4,86389.729,9840835448.8209
2025-08-21 05:00:00+00:00,2025-08-21,5,86684.25,9860974900.95
2025-08-21 06:00:00+00:00,2025-08-21,6,86782.329,9888024605.543009
2025-08-21 07:00:00+00:00,2025-08-21,7,86752.695,9868310599.599548
2025-08-21 08:00:00+00:00,2025-08-21,8,86803.199,9881398403.9232
2025-08-21 09:00:00+00:00,2025-08-21,9,86827.563,9858141020.331
2025-08-21 10:00:00+00:00,2025-08-21,10,87468.06,9912982656.756
2025-08-21 11:00:00+00:00,2025-08-21,11,87846.4,9952707226.88
2025-08-21 12:00:00+00:00,2025-08-21,12,88121.956,9967762501.062649
2025-08-21 13:00:00+00:00,2025-08-21,13,88467.337,10001754405.1383
2025-08-21 14:00:00+00:00,2025-08-21,14,88002.675,9983903478.75
2025-08-21 15:00:00+00:00,2025-08-21,15,87954.438,9959256923.616
2025-08-21 16:00:00+00:00,2025-08-21,16,88327.817,9958855373.3696
2025-08-21 17:00:00+00:00,2025-08-21,17,88722.552,9968049695.2416
2025-08-21 18:00:00+00:00,2025-08-21,18,89148.849,10018191055.224
2025-08-21 19:00:00+00:00,2025-08-21,19,89520.843,10075948005.662071
2025-08-21 20:00:00+00:00,2025-08-21,20,89867.764,10079110084.6436
2025-08-21 21:00:00+00:00,2025-08-21,21,89716.789,10084615667.545
2025-08-21 22:00:00+00:00,2025-08-21,22,89575.541,10084761760.25517
2025-08-21 23:00:00+00:00,2025-08-21,23,89552.111,10070457269.5496
2025-08-22 00:00:00+00:00,2025-08-22,0,89657.848,10083056072.852
2025-08-22 01:00:00+00:00,2025-08-22,1,89271.358,10051124687.1706
2025-08-22 02:00:00+00:00,2025-08-22,2,89296.315,10071829594.7965
2025-08-22 03:00:00+00:00,2025-08-22,3,88685.166,10031347628.0754
2025-08-22 04:00:00+00:00,2025-08-22,4,88653.956,10008191682.742142
2025-08-22 05:00:00+00:00,2025-08-22,5,88317.312,9963172694.335949
2025-08-22 06:00:00+00:00,2025-08-22,6,88099.941,9973132549.28436
2025-08-22 07:00:00+00:00,2025-08-22,7,88197.936,9962071528.5168
2025-08-22 08:00:00+00:00,2025-08-22,8,88159.7,9965572488.0
2025-08-22 09:00:00+00:00,2025-08-22,9,87884.476,9925373912.2216
2025-08-22 10:00:00+00:00,2025-08-22,10,87864.7,9929857492.389006
2025-08-22 11:00:00+00:00,2025-08-22,11,88262.417,9928267466.908768
2025-08-22 12:00:00+00:00,2025-08-22,12,88690.124,9957865198.29024
2025-08-22 13:00:00+00:00,2025-08-22,13,88822.248,9974729568.1752
2025-08-22 14:00:00+00:00,2025-08-22,14,89011.266,10006646523.72
2025-08-22 15:00:00+00:00,2025-08-22,15,88820.635,10281830954.352692
2025-08-22 16:00:00+00:00,2025-08-22,16,89432.904,10403524831.213188
2025-08-22 17:00:00+00:00,2025-08-22,17,90681.624,10528662499.8192
2025-08-22 18:00:00+00:00,2025-08-22,18,89933.85,10520677133.75312
2025-08-22 19:00:00+00:00,2025-08-22,19,89527.187,10453665708.596504
2025-08-22 20:00:00+00:00,2025-08-22,20,89349.428,10419406733.552307
2025-08-22 21:00:00+00:00,2025-08-22,21,88878.296,10400067142.9512
2025-08-22 22:00:00+00:00,2025-08-22,22,88798.597,10388362770.71938
2025-08-22 23:00:00+00:00,2025-08-22,23,88623.746,10343649615.3932
2025-08-23 00:00:00+00:00,2025-08-23,0,88577.47,10354493657.072
2025-08-23 01:00:00+00:00,2025-08-23,1,88711.022,10363796335.573517
2025-08-23 02:00:00+00:00,2025-08-23,2,88675.693,10321850665.2
2025-08-23 03:00:00+00:00,2025-08-23,3,88203.987,10222136461.404
2025-08-23 04:00:00+00:00,2025-08-23,4,88502.388,10224017117.73
2025-08-23 05:00:00+00:00,2025-08-23,5,88826.796,10294199567.1972
2025-08-23 06:00:00+00:00,2025-08-23,6,89319.643,10353933016.56
2025-08-23 07:00:00+00:00,2025-08-23,7,89484.597,10358798829.588156
2025-08-23 08:00:00+00:00,2025-08-23,8,89568.461,10369331773.1239
2025-08-23 09:00:00+00:00,2025-08-23,9,89711.573,10380858044.6501
2025-08-23 10:00:00+00:00,2025-08-23,10,89993.185,10415847229.174
2025-08-23 11:00:00+00:00,2025-08-23,11,90373.542,10441768080.0342
2025-08-23 12:00:00+00:00,2025-08-23,12,90606.123,10440307977.3702
2025-08-23 13:00:00+00:00,2025-08-23,13,90699.304,10446364897.6432
2025-08-23 14:00:00+00:00,2025-08-23,14,90845.713,10430659483.2349
2025-08-23 15:00:00+00:00,2025-08-23,15,91559.233,10490673798.674
2025-08-23 16:00:00+00:00,2025-08-23,16,91802.707,10537237497.244078
2025-08-23 17:00:00+00:00,2025-08-23,17,91904.204,10566229241.84849
2025-08-23 18:00:00+00:00,2025-08-23,18,92050.025,10590566823.828535
2025-08-23 19:00:00+00:00,2025-08-23,19,91977.914,10587706449.6196
2025-08-23 20:00:00+00:00,2025-08-23,20,91971.811,10586400320.414083
2025-08-23 21:00:00+00:00,2025-08-23,21,91868.192,10590666228.7712
2025-08-23 22:00:00+00:00,2025-08-23,22,91676.04,10540846905.972
2025-08-23 23:00:00+00:00,2025-08-23,23,91791.48,10580803899.6
2025-08-24 00:00:00+00:00,2025-08-24,0,91748.224,10585644015.2704
2025-08-24 01:00:00+00:00,2025-08-24,1,91427.841,10544872264.171623
2025-08-24 02:00:00+00:00,2025-08-24,2,91358.655,10546151791.442274
2025-08-24 03:00:00+00:00,2025-08-24,3,91852.338,10559911275.774614
2025-08-24 04:00:00+00:00,2025-08-24,4,91778.145,10555083232.9425
2025-08-24 05:00:00+00:00,2025-08-24,5,91974.305,10590633036.577686
2025-08-24 06:00:00+00:00,2025-08-24,6,92035.578,10581413234.6802
2025-08-24 07:00:00+00:00,2025-08-24,7,92154.94,10582887372.31721
2025-08-24 08:00:00+00:00,2025-08-24,8,92186.021,10588007004.7508
2025-08-24 09:00:00+00:00,2025-08-24,9,92314.6,10598768466.44
2025-08-24 10:00:00+00:00,2025-08-24,10,92397.556,10609392291.8548
2025-08-24 11:00:00+00:00,2025-08-24,11,92572.303,10623611167.490135
2025-08-24 12:00:00+00:00,2025-08-24,12,92697.842,10632618603.2998
2025-08-24 13:00:00+00:00,2025-08-24,13,92865.921,10646981340.826674
2025-08-24 14:00:00+00:00,2025-08-24,14,93119.531,10665445483.085
2025-08-24 15:00:00+00:00,2025-08-24,15,93598.48,10716099973.959648
2025-08-24 16:00:00+00:00,2025-08-24,16,94029.332,10754604821.94847
2025-08-24 17:00:00+00:00,2025-08-24,17,94488.75,10795895714.081074
2025-08-24 18:00:00+00:00,2025-08-24,18,94682.626,10833222669.169909
2025-08-24 19:00:00+00:00,2025-08-24,19,95053.574,10894450970.502924
2025-08-24 20:00:00+00:00,2025-08-24,20,93393.43,10513093399.94008
2025-08-24 21:00:00+00:00,2025-08-24,21,93746.928,10569143189.198324
2025-08-24 22:00:00+00:00,2025-08-24,22,93619.915,10574097901.4965
2025-08-24 23:00:00+00:00,2025-08-24,23,93790.277,10636895999.9855
2025-08-25 00:00:00+00:00,2025-08-25,0,93742.251,10634702155.3962
2025-08-25 01:00:00+00:00,2025-08-25,1,93352.05,10511328807.54
2025-08-25 02:00:00+00:00,2025-08-25,2,93245.196,10539411258.684
2025-08-25 03:00:00+00:00,2025-08-25,3,93048.865,10549502881.241447
2025-08-25 04:00:00+00:00,2025-08-25,4,92562.898,10448299488.997648
2025-08-25 05:00:00+00:00,2025-08-25,5,93018.272,10485848441.290358
2025-08-25 06:00:00+00:00,2025-08-25,6,93112.687,10458291428.224758
2025-08-25 07:00:00+00:00,2025-08-25,7,93486.62,10461372260.534328
2025-08-25 08:00:00+00:00,2025-08-25,8,93975.542,10475881436.256584
2025-08-25 09:00:00+00:00,2025-08-25,9,93431.86,10404768136.506
2025-08-25 10:00:00+00:00,2025-08-25,10,93584.898,10457887747.7448
2025-08-25 11:00:00+00:00,2025-08-25,11,93734.574,10400685223.0086
2025-08-25 12:00:00+00:00,2025-08-25,12,93713.501,10419348181.683
2025-08-25 13:00:00+00:00,2025-08-25,13,94255.625,10514884183.6875
2025-08-25 14:00:00+00:00,2025-08-25,14,93911.713,10466441631.5074
2025-08-25 15:00:00+00:00,2025-08-25,15,94349.386,10587457941.318436
2025-08-25 16:00:00+00:00,2025-08-25,16,93976.939,10538489360.2149
2025-08-25 17:00:00+00:00,2025-08-25,17,94042.162,10575176761.474064
2025-08-25 18:00:00+00:00,2025-08-25,18,93618.085,10521493166.129
2025-08-25 19:00:00+00:00,2025-08-25,19,93339.282,10488108273.069246
2025-08-25 20:00:00+00:00,2025-08-25,20,91648.892,10140024245.9908
2025-08-25 21:00:00+00:00,2025-08-25,21,91048.672,9970184673.8208
2025-08-25 22:00:00+00:00,2025-08-25,22,90498.319,9940181511.8177
2025-08-25 23:00:00+00:00,2025-08-25,23,90134.665,9923690752.861778
2025-08-26 00:00:00+00:00,2025-08-26,0,90123.22,9919374502.201675
2025-08-26 01:00:00+00:00,2025-08-26,1,89224.371,9729739208.808
2025-08-26 02:00:00+00:00,2025-08-26,2,88947.913,9771533088.8584
2025-08-26 03:00:00+00:00,2025-08-26,3,88788.677,9737347660.1776
2025-08-26 04:00:00+00:00,2025-08-26,4,89028.244,9777568006.41395
2025-08-26 05:00:00+00:00,2025-08-26,5,88965.91,9791289135.588873
2025-08-26 06:00:00+00:00,2025-08-26,6,89052.602,9808360447.4024
2025-08-26 07:00:00+00:00,2025-08-26,7,89076.83,9793944012.402
2025-08-26 08:00:00+00:00,2025-08-26,8,89348.678,9850379493.675797
2025-08-26 09:00:00+00:00,2025-08-26,9,89294.322,9826780547.022749
2025-08-26 10:00:00+00:00,2025-08-26,10,89339.892,9837395992.18119
2025-08-26 11:00:00+00:00,2025-08-26,11,89078.659,9813715691.236898
2025-08-26 12:00:00+00:00,2025-08-26,12,89140.585,9791414912.733109
2025-08-26 13:00:00+00:00,2025-08-26,13,89431.03,9855063904.163666
2025-08-26 14:00:00+00:00,2025-08-26,14,89439.161,9841205538.8164
2025-08-26 15:00:00+00:00,2025-08-26,15,89497.419,9873713253.756
2025-08-26 16:00:00+00:00,2025-08-26,16,89447.941,9806614498.161234
2025-08-26 17:00:00+00:00,2025-08-26,17,89647.809,9872877346.0464
2025-08-26 18:00:00+00:00,2025-08-26,18,89608.791,9852748130.069778
2025-08-26 19:00:00+00:00,2025-08-26,19,89440.212,9896559457.8
2025-08-26 20:00:00+00:00,2025-08-26,20,89539.084,9944419242.225727
2025-08-26 21:00:00+00:00,2025-08-26,21,89304.463,9936124859.922745
2025-08-26 22:00:00+00:00,2025-08-26,22,89086.612,9935847653.6824
2025-08-26 23:00:00+00:00,2025-08-26,23,89145.553,9971120018.284143
2025-08-27 00:00:00+00:00,2025-08-27,0,89251.985,9970330319.1515
2025-08-27 01:00:00+00:00,2025-08-27,1,88778.967,9881812363.155935
2025-08-27 02:00:00+00:00,2025-08-27,2,88526.536,9848568277.3464
2025-08-27 03:00:00+00:00,2025-08-27,3,88453.03,9827907033.412752
2025-08-27 04:00:00+00:00,2025-08-27,4,88452.845,9851390363.758451
2025-08-27 05:00:00+00:00,2025-08-27,5,88624.695,9883925287.977304
2025-08-27 06:00:00+00:00,2025-08-27,6,88498.581,9851557519.775476
2025-08-27 07:00:00+00:00,2025-08-27,7,88503.982,9823437529.3026
2025-08-27 08:00:00+00:00,2025-08-27,8,88417.094,9786711300.672
2025-08-27 09:00:00+00:00,2025-08-27,9,88733.258,9824345502.78621
2025-08-27 10:00:00+00:00,2025-08-27,10,89031.835,9862062081.45764
2025-08-27 11:00:00+00:00,2025-08-27,11,89166.954,9891156456.789
2025-08-27 12:00:00+00:00,2025-08-27,12,89210.293,9926491749.315102
2025-08-27 13:00:00+00:00,2025-08-27,13,89228.305,9930458829.219538
2025-08-27 14:00:00+00:00,2025-08-27,14,89588.381,9982752665.287102
2025-08-27 15:00:00+00:00,2025-08-27,15,89349.614,9986324251.236923
2025-08-27 16:00:00+00:00,2025-08-27,16,89343.789,10003386269.7639
2025-08-27 17:00:00+00:00,2025-08-27,17,89396.954,10019145967.86218
2025-08-27 18:00:00+00:00,2025-08-27,18,89256.283,10022921599.845585
2025-08-27 19:00:00+00:00,2025-08-27,19,89041.309,9962618364.8684
2025-08-27 20:00:00+00:00,2025-08-27,20,88706.938,9938948033.895218
2025-08-27 21:00:00+00:00,2025-08-27,21,88506.622,9945255505.400288
2025-08-27 22:00:00+00:00,2025-08-27,22,88253.087,9838642277.394243
2025-08-27 23:00:00+00:00,2025-08-27,23,88265.991,9829305712.807957
2025-08-28 00:00:00+00:00,2025-08-28,0,88137.738,9801568720.307554
2025-08-28 01:00:00+00:00,2025-08-28,1,88084.042,9802951396.42416
2025-08-28 02:00:00+00:00,2025-08-28,2,87784.619,9796931724.393408
2025-08-28 03:00:00+00:00,2025-08-28,3,87841.019,9790580284.614037
2025-08-28 04:00:00+00:00,2025-08-28,4,87910.111,9841897357.9051
2025-08-28 05:00:00+00:00,2025-08-28,5,88125.871,9952151550.4881
2025-08-28 06:00:00+00:00,2025-08-28,6,88386.231,9971998194.314716
2025-08-28 07:00:00+00:00,2025-08-28,7,89001.955,10072566367.6554
2025-08-28 08:00:00+00:00,2025-08-28,8,89034.867,10067991532.4664
2025-08-28 09:00:00+00:00,2025-08-28,9,89215.021,10087591831.166948
2025-08-28 10:00:00+00:00,2025-08-28,10,89145.554,10057392487.7246
2025-08-28 11:00:00+00:00,2025-08-28,11,88923.529,10055146776.1724
2025-08-28 12:00:00+00:00,2025-08-28,12,88913.452,10036239264.678
2025-08-28 13:00:00+00:00,2025-08-28,13,88839.563,10055545804.9751
2025-08-28 14:00:00+00:00,2025-08-28,14,88494.274,9979836859.305592
2025-08-28 15:00:00+00:00,2025-08-28,15,88528.215,10013426398.65
2025-08-28 16:00:00+00:00,2025-08-28,16,88585.662,9978503264.741148
2025-08-28 17:00:00+00:00,2025-08-28,17,88195.506,9904267887.087564
2025-08-28 18:00:00+00:00,2025-08-28,18,88171.917,9905127349.4796
2025-08-28 19:00:00+00:00,2025-08-28,19,88056.319,9890839847.191189
2025-08-28 20:00:00+00:00,2025-08-28,20,88375.17,9886600968.036
2025-08-28 21:00:00+00:00,2025-08-28,21,88305.149,9877154711.292198
2025-08-28 22:00:00+00:00,2025-08-28,22,88233.072,9879021626.285069
2025-08-28 23:00:00+00:00,2025-08-28,23,87976.004,9879775630.0032
2025-08-29 00:00:00+00:00,2025-08-29,0,88004.436,9901380762.936428
2025-08-29 01:00:00+00:00,2025-08-29,1,87925.992,9861840810.9144
2025-08-29 02:00:00+00:00,2025-08-29,2,88292.87,9838222900.131409
2025-08-29 03:00:00+00:00,2025-08-29,3,88230.057,9826874402.162374
2025-08-29 04:00:00+00:00,2025-08-29,4,88091.568,9835509040.277857
2025-08-29 05:00:00+00:00,2025-08-29,5,88042.341,9813019807.931374
2025-08-29 06:00:00+00:00,2025-08-29,6,88033.425,9795562933.252785
2025-08-29 07:00:00+00:00,2025-08-29,7,88265.055,9817313164.112137
2025-08-29 08:00:00+00:00,2025-08-29,8,88640.53,9749865212.636663
2025-08-29 09:00:00+00:00,2025-08-29,9,88895.62,9741164260.476
2025-08-29 10:00:00+00:00,2025-08-29,10,89241.704,9790799256.711609
2025-08-29 11:00:00+00:00,2025-08-29,11,89231.018,9810941505.9982
2025-08-29 12:00:00+00:00,2025-08-29,12,89315.287,9828950840.7186
2025-08-29 13:00:00+00:00,2025-08-29,13,88299.469,9771890315.5044
2025-08-29 14:00:00+00:00,2025-08-29,14,87945.165,9591739420.725
2025-08-29 15:00:00+00:00,2025-08-29,15,88260.605,9545049040.451
2025-08-29 16:00:00+00:00,2025-08-29,16,89167.471,9661297139.555752
2025-08-29 17:00:00+00:00,2025-08-29,17,89456.071,9721542530.209372
2025-08-29 18:00:00+00:00,2025-08-29,18,89372.151,9689711942.86589
2025-08-29 19:00:00+00:00,2025-08-29,19,89156.436,9638069285.2644
2025-08-29 20:00:00+00:00,2025-08-29,20,88952.086,9621934144.013424
2025-08-29 21:00:00+00:00,2025-08-29,21,88688.116,9555650466.027033
2025-08-29 22:00:00+00:00,2025-08-29,22,88947.809,9642144837.040545
2025-08-29 23:00:00+00:00,2025-08-29,23,89167.529,9659705668.3809
2025-08-30 00:00:00+00:00,2025-08-30,0,89145.425,9657337839.27
2025-08-30 01:00:00+00:00,2025-08-30,1,88867.287,9621556646.5449
2025-08-30 02:00:00+00:00,2025-08-30,2,88851.481,9542969041.912489
2025-08-30 03:00:00+00:00,2025-08-30,3,88900.703,9578002938.473864
2025-08-30 04:00:00+00:00,2025-08-30,4,89368.141,9684793486.202436
2025-08-30 05:00:00+00:00,2025-08-30,5,89498.07,9699245938.566
2025-08-30 06:00:00+00:00,2025-08-30,6,89449.334,9687710402.956488
2025-08-30 07:00:00+00:00,2025-08-30,7,89535.817,9694580121.492
2025-08-30 08:00:00+00:00,2025-08-30,8,89368.611,9693518318.753698
2025-08-30 09:00:00+00:00,2025-08-30,9,89671.597,9731314148.1549
2025-08-30 10:00:00+00:00,2025-08-30,10,89600.018,9719451552.568
2025-08-30 11:00:00+00:00,2025-08-30,11,89681.739,9720239487.46907
2025-08-30 12:00:00+00:00,2025-08-30,12,89777.029,9753696339.293224
2025-08-30 13:00:00+00:00,2025-08-30,13,89726.484,9741073798.600449
2025-08-30 14:00:00+00:00,2025-08-30,14,89556.739,9716595042.24417
2025-08-30 15:00:00+00:00,2025-08-30,15,89484.988,9718851910.693396
2025-08-30 16:00:00+00:00,2025-08-30,16,89639.485,9755465152.55
2025-08-30 17:00:00+00:00,2025-08-30,17,89737.08,9759993268.668
2025-08-30 18:00:00+00:00,2025-08-30,18,89931.921,9778207838.409
2025-08-30 19:00:00+00:00,2025-08-30,19,89924.404,9773803667.08689
2025-08-30 20:00:00+00:00,2025-08-30,20,89967.152,9785932574.667044
2025-08-30 21:00:00+00:00,2025-08-30,21,89788.45,9750702431.58
2025-08-30 22:00:00+00:00,2025-08-30,22,89612.247,9725989017.149664
2025-08-30 23:00:00+00:00,2025-08-30,23,89564.512,9715376092.432
2025-08-31 00:00:00+00:00,2025-08-31,0,89550.131,9739306586.306452
2025-08-31 01:00:00+00:00,2025-08-31,1,89688.408,9806550816.223488
2025-08-31 02:00:00+00:00,2025-08-31,2,89797.482,9822400576.87832
2025-08-31 03:00:00+00:00,2025-08-31,3,89739.592,9797140044.650408
2025-08-31 04:00:00+00:00,2025-08-31,4,89822.448,9806401689.3792
2025-08-31 05:00:00+00:00,2025-08-31,5,89645.102,9751417858.44764
2025-08-31 06:00:00+00:00,2025-08-31,6,89726.248,9754072409.859474
2025-08-31 07:00:00+00:00,2025-08-31,7,89866.351,9765587643.8329
2025-08-31 08:00:00+00:00,2025-08-31,8,89851.612,9763114427.0184
2025-08-31 09:00:00+00:00,2025-08-31,9,89809.342,9786098976.65633
2025-08-31 10:00:00+00:00,2025-08-31,10,89975.105,9759698611.9655
2025-08-31 11:00:00+00:00,2025-08-31,11,89665.578,9731100317.3748
2025-08-31 12:00:00+00:00,2025-08-31,12,89585.023,9707059855.75656
2025-08-31 13:00:00+00:00,2025-08-31,13,89685.928,9712140238.102594
2025-08-31 14:00:00+00:00,2025-08-31,14,89775.916,9730363805.832228
2025-08-31 15:00:00+00:00,2025-08-31,15,89886.533,9745743079.566544
2025-08-31 16:00:00+00:00,2025-08-31,16,89939.575,9782176031.992418
2025-08-31 17:00:00+00:00,2025-08-31,17,90321.28,9833388010.03022
2025-08-31 18:00:00+00:00,2025-08-31,18,90361.486,9844540176.180756
2025-08-31 19:00:00+00:00,2025-08-31,19,90362.328,9859223850.280909
2025-08-31 20:00:00+00:00,2025-08-31,20,90345.451,9836559737.6172
2025-08-31 21:00:00+00:00,2025-08-31,21,90182.041,9836993904.8513
2025-08-31 22:00:00+00:00,2025-08-31,22,90153.626,9825519144.6864
2025-08-31 23:00:00+00:00,2025-08-31,23,90206.341,9818856887.14038
2025-09-01 00:00:00+00:00,2025-09-01,0,89832.067,9720584238.7628
2025-09-01 01:00:00+00:00,2025-09-01,1,89523.372,9684647335.2972
2025-09-01 02:00:00+00:00,2025-09-01,2,89700.572,9698655525.555023
2025-09-01 03:00:00+00:00,2025-09-01,3,89958.182,9678285947.743
2025-09-01 04:00:00+00:00,2025-09-01,4,90258.791,9714100167.745655
2025-09-01 05:00:00+00:00,2025-09-01,5,90339.104,9699637325.1968
2025-09-01 06:00:00+00:00,2025-09-01,6,90182.072,9722637400.8064
2025-09-01 07:00:00+00:00,2025-09-01,7,90398.082,9764935129.865454
2025-09-01 08:00:00+00:00,2025-09-01,8,90464.991,9893957042.6898
2025-09-01 09:00:00+00:00,2025-09-01,9,90689.673,9935244125.4633
2025-09-01 10:00:00+00:00,2025-09-01,10,90606.745,9920097597.674
2025-09-01 11:00:00+00:00,2025-09-01,11,90296.594,9799573308.741
2025-09-01 12:00:00+00:00,2025-09-01,12,90453.455,9834597121.6025
2025-09-01 13:00:00+00:00,2025-09-01,13,90452.381,9864677433.08784
2025-09-01 14:00:00+00:00,2025-09-01,14,90422.499,9854685331.896854
2025-09-01 15:00:00+00:00,2025-09-01,15,90514.378,9875580263.1278
2025-09-01 16:00:00+00:00,2025-09-01,16,90120.128,9799482478.464
2025-09-01 17:00:00+00:00,2025-09-01,17,89916.929,9776892482.492498
2025-09-01 18:00:00+00:00,2025-09-01,18,89024.682,9693591507.74015
2025-09-01 19:00:00+00:00,2025-09-01,19,88986.999,9716792154.122017
2025-09-01 20:00:00+00:00,2025-09-01,20,88950.757,9711532848.523417
2025-09-01 21:00:00+00:00,2025-09-01,21,88177.806,9597254769.4788
2025-09-01 22:00:00+00:00,2025-09-01,22,88391.05,9524186128.965689
2025-09-01 23:00:00+00:00,2025-09-01,23,88264.57,9567184398.212034
2025-09-02 00:00:00+00:00,2025-09-02,0,88447.967,9657908124.594114
2025-09-02 01:00:00+00:00,2025-09-02,1,88380.37,9632169402.125595
2025-09-02 02:00:00+00:00,2025-09-02,2,88783.81,9700714404.982
2025-09-02 03:00:00+00:00,2025-09-02,3,89135.295,9823734925.954622
2025-09-02 04:00:00+00:00,2025-09-02,4,89217.473,9839429305.5307
2025-09-02 05:00:00+00:00,2025-09-02,5,89351.487,9853159171.385445
2025-09-02 06:00:00+00:00,2025-09-02,6,89404.166,9849183126.1402
2025-09-02 07:00:00+00:00,2025-09-02,7,89730.13,9899620160.458
2025-09-02 08:00:00+00:00,2025-09-02,8,90051.796,9922807401.24
2025-09-02 09:00:00+00:00,2025-09-02,9,90257.195,9956854531.341202
2025-09-02 10:00:00+00:00,2025-09-02,10,90204.549,9957389942.412432
2025-09-02 11:00:00+00:00,2025-09-02,11,90497.446,9973578727.7464
2025-09-02 12:00:00+00:00,2025-09-02,12,90272.888,9901996975.5648
2025-09-02 13:00:00+00:00,2025-09-02,13,88875.62,9665916904.836
2025-09-02 14:00:00+00:00,2025-09-02,14,89906.462,9989303973.278688
2025-09-02 15:00:00+00:00,2025-09-02,15,91075.247,10137449130.6995
2025-09-02 16:00:00+00:00,2025-09-02,16,90973.406,10078934553.3994
2025-09-02 17:00:00+00:00,2025-09-02,17,90755.855,10049758847.57
2025-09-02 18:00:00+00:00,2025-09-02,18,90616.421,10046044527.8914
2025-09-02 19:00:00+00:00,2025-09-02,19,89980.956,9951118595.263086
2025-09-02 20:00:00+00:00,2025-09-02,20,89938.218,9960712510.374647
2025-09-02 21:00:00+00:00,2025-09-02,21,89990.677,10021351449.291067
2025-09-02 22:00:00+00:00,2025-09-02,22,89645.702,9957653423.966251
2025-09-02 23:00:00+00:00,2025-09-02,23,89246.872,9925689041.0392
2025-09-03 00:00:00+00:00,2025-09-03,0,89269.39,9925816193.34423
2025-09-03 01:00:00+00:00,2025-09-03,1,89107.308,9916146377.6256
2025-09-03 02:00:00+00:00,2025-09-03,2,88970.93,9886898926.16889
2025-09-03 03:00:00+00:00,2025-09-03,3,89109.097,9920328639.9063
2025-09-03 04:00:00+00:00,2025-09-03,4,89304.726,9912443966.99302
2025-09-03 05:00:00+00:00,2025-09-03,5,89001.514,9876472257.797766
2025-09-03 06:00:00+00:00,2025-09-03,6,88987.023,9846200526.0948
2025-09-03 07:00:00+00:00,2025-09-03,7,89021.618,9853245162.759071
2025-09-03 08:00:00+00:00,2025-09-03,8,88864.022,9867983094.141905
2025-09-03 09:00:00+00:00,2025-09-03,9,89051.925,9883113549.282452
2025-09-03 10:00:00+00:00,2025-09-03,10,88971.069,9899238402.292326
2025-09-03 11:00:00+00:00,2025-09-03,11,89157.379,9932310335.358
2025-09-03 12:00:00+00:00,2025-09-03,12,89521.315,9974742433.3765
2025-09-03 13:00:00+00:00,2025-09-03,13,89897.066,9985873967.7592
2025-09-03 14:00:00+00:00,2025-09-03,14,90718.034,10107215785.891567
2025-09-03 15:00:00+00:00,2025-09-03,15,90485.374,10152857098.4456
2025-09-03 16:00:00+00:00,2025-09-03,16,90613.698,10164283254.13273
2025-09-03 17:00:00+00:00,2025-09-03,17,90564.341,10125989910.7759
2025-09-03 18:00:00+00:00,2025-09-03,18,90363.396,10143510564.03729
2025-09-03 19:00:00+00:00,2025-09-03,19,90276.414,10106384749.642372
2025-09-03 20:00:00+00:00,2025-09-03,20,90171.209,10112753805.61822
2025-09-03 21:00:00+00:00,2025-09-03,21,90137.228,10110395411.9076
2025-09-03 22:00:00+00:00,2025-09-03,22,90064.166,10082137141.596218
2025-09-03 23:00:00+00:00,2025-09-03,23,90147.84,10087534281.216
2025-09-04 00:00:00+00:00,2025-09-04,0,90305.298,10083869835.566502
2025-09-04 01:00:00+00:00,2025-09-04,1,90093.942,10091899941.3126
2025-09-04 02:00:00+00:00,2025-09-04,2,90086.02,10080625638.0
2025-09-04 03:00:00+00:00,2025-09-04,3,90217.028,10049734855.7628
2025-09-04 04:00:00+00:00,2025-09-04,4,90443.398,10047963054.5866
2025-09-04 05:00:00+00:00,2025-09-04,5,90112.865,9990894444.1285
2025-09-04 06:00:00+00:00,2025-09-04,6,89648.779,9916609461.934135
2025-09-04 07:00:00+00:00,2025-09-04,7,89676.076,9895754986.6
2025-09-04 08:00:00+00:00,2025-09-04,8,89486.313,9880846017.0462
2025-09-04 09:00:00+00:00,2025-09-04,9,89387.648,9885853746.8544
2025-09-04 10:00:00+00:00,2025-09-04,10,89536.389,9917437522.930002
2025-09-04 11:00:00+00:00,2025-09-04,11,89059.246,9849329780.15248
2025-09-04 12:00:00+00:00,2025-09-04,12,89591.586,9923392018.177715
2025-09-04 13:00:00+00:00,2025-09-04,13,89567.968,9933561518.224112
2025-09-04 14:00:00+00:00,2025-09-04,14,89584.194,9892550533.665272
2025-09-04 15:00:00+00:00,2025-09-04,15,89218.901,9796235329.8
2025-09-04 16:00:00+00:00,2025-09-04,16,89739.804,9823412514.762
2025-09-04 17:00:00+00:00,2025-09-04,17,89852.048,9828516529.358723
2025-09-04 18:00:00+00:00,2025-09-04,18,89533.102,9824744769.757326
2025-09-04 19:00:00+00:00,2025-09-04,19,89386.821,9825840697.82222
2025-09-04 20:00:00+00:00,2025-09-04,20,89071.164,9775916533.656
2025-09-04 21:00:00+00:00,2025-09-04,21,88671.56,9784906646.0
2025-09-04 22:00:00+00:00,2025-09-04,22,88566.663,9781815948.3654
2025-09-04 23:00:00+00:00,2025-09-04,23,88377.846,9849896530.1766
