day,date,q,p,transaction_type
2025-07-04,2025-07-04T00:02:02Z,10,109611,Achat
2025-07-04,2025-07-04T14:35:11Z,10,107825.99,Achat
2025-07-04,2025-07-04T14:47:33Z,10,107846.99,Achat
2025-07-04,2025-07-04T16:36:18Z,10,107500,Achat
2025-07-05,2025-07-05T00:51:39Z,24.29609,108196.04,Achat
2025-07-05,2025-07-05T01:59:02Z,10,107975.8,Achat
2025-07-05,2025-07-05T02:00:18Z,10,107960.01,Achat
2025-07-05,2025-07-05T06:05:05Z,10,108154.72,Vente
2025-07-05,2025-07-05T16:26:06Z,10,108000,Vente
2025-07-05,2025-07-05T23:42:15Z,22.52178,108188.11,Achat
2025-07-05,2025-07-05T23:44:25Z,20.10507,108234.01,Achat
2025-07-06,2025-07-06T13:30:27Z,13.63727,108550,Achat
2025-07-06,2025-07-06T13:40:31Z,10,108578.23,Achat
2025-07-06,2025-07-06T13:52:35Z,10,109050,Vente
2025-07-06,2025-07-06T13:52:35Z,12.85626,109050,Vente
2025-07-06,2025-07-06T14:12:38Z,10.95979,108722.01,Achat
2025-07-06,2025-07-06T15:01:00Z,19.95615,109000,Vente
2025-07-06,2025-07-06T15:14:40Z,13.98862,108879.21,Achat
2025-07-06,2025-07-06T16:05:20Z,11.61481,108844.01,Achat
2025-07-07,2025-07-07T02:13:33Z,10,109430.1,Vente
2025-07-07,2025-07-07T02:13:44Z,10,109441.64,Vente
2025-07-07,2025-07-07T02:29:12Z,10,109445.56,Vente
2025-07-07,2025-07-07T14:37:46Z,17.32142,108000,Vente
2025-07-07,2025-07-07T21:24:10Z,10.2009,107849.53,Achat
2025-07-07,2025-07-07T21:29:35Z,14.54557,107800.02,Achat
2025-07-07,2025-07-07T23:53:18Z,14.9948,108279.01,Achat
2025-07-08,2025-07-08T02:15:12Z,10,107667,Achat
2025-07-08,2025-07-08T02:17:31Z,17.3783,107500,Vente
2025-07-08,2025-07-08T02:36:45Z,11.41766,107800.94,Vente
2025-07-08,2025-07-08T07:55:35Z,39.06102,108468.66,Achat
2025-07-08,2025-07-08T10:39:09Z,10.57379,108793.29,Achat
2025-07-08,2025-07-08T11:06:19Z,10,109000,Achat
2025-07-08,2025-07-08T14:45:15Z,11.02853,108749.21,Achat
2025-07-08,2025-07-08T17:44:31Z,10.30829,108798,Vente
2025-07-08,2025-07-08T18:08:50Z,10.28358,109005.98,Vente
2025-07-08,2025-07-08T18:15:19Z,10,109119.23,Vente
2025-07-08,2025-07-08T18:33:28Z,10,109015.49,Vente
2025-07-08,2025-07-08T18:35:27Z,10,109015.51,Vente
2025-07-08,2025-07-08T18:41:51Z,10,108962.43,Achat
2025-07-08,2025-07-08T18:43:59Z,10,109019.98,Vente
2025-07-09,2025-07-09T03:10:18Z,10,108600,Vente
2025-07-09,2025-07-09T03:35:32Z,10,108400,Vente
2025-07-09,2025-07-09T09:56:42Z,10,108771.58,Achat
2025-07-09,2025-07-09T09:56:50Z,19.97176,108771.58,Achat
2025-07-09,2025-07-09T11:02:01Z,10,108900,Achat
2025-07-09,2025-07-09T11:17:08Z,10,109049.24,Achat
2025-07-09,2025-07-09T12:43:42Z,11.51851,109449.99,Vente
2025-07-09,2025-07-09T13:17:29Z,10,109690.28,Vente
2025-07-09,2025-07-09T13:17:54Z,10,109693.32,Vente
2025-07-09,2025-07-09T13:20:17Z,10,109666,Vente
2025-07-09,2025-07-09T13:20:44Z,10,109670.99,Vente
2025-07-09,2025-07-09T13:23:31Z,10.75433,109605,Vente
2025-07-09,2025-07-09T13:24:11Z,12.77344,109658.32,Vente
2025-07-09,2025-07-09T13:27:01Z,10,109576.61,Achat
2025-07-09,2025-07-09T13:49:01Z,10,109499.99,Vente
2025-07-09,2025-07-09T14:46:26Z,10,108744.02,Achat
2025-07-09,2025-07-09T14:49:42Z,10,108693.61,Achat
2025-07-09,2025-07-09T14:52:33Z,10.05644,108720.9,Achat
2025-07-09,2025-07-09T14:53:38Z,10,108784.03,Achat
2025-07-09,2025-07-09T14:57:26Z,10,108981.14,Vente
2025-07-09,2025-07-09T15:21:03Z,18.43241,108973.98,Achat
2025-07-09,2025-07-09T15:21:23Z,10.7796,108973.99,Achat
2025-07-09,2025-07-09T18:12:49Z,10,109500,Vente
2025-07-09,2025-07-09T19:21:50Z,10.24,110000,Achat
2025-07-09,2025-07-09T19:21:50Z,10,110000,Achat
2025-07-09,2025-07-09T19:21:50Z,21.7135,110000,Achat
2025-07-09,2025-07-09T19:24:03Z,10,110000,Achat
2025-07-09,2025-07-09T19:24:03Z,12.00155,110000,Achat
2025-07-09,2025-07-09T19:29:01Z,10,110268.35,Vente
2025-07-09,2025-07-09T19:30:41Z,10,110399.99,Vente
2025-07-09,2025-07-09T19:36:07Z,10,110396.17,Vente
2025-07-09,2025-07-09T19:37:15Z,10,110549,Achat
2025-07-09,2025-07-09T19:39:31Z,18.4376,110844,Vente
2025-07-09,2025-07-09T19:40:05Z,10,110950,Achat
2025-07-09,2025-07-09T19:40:10Z,10.97428,110989.99,Vente
2025-07-09,2025-07-09T19:40:17Z,10,111000,Achat
2025-07-09,2025-07-09T19:40:33Z,10,111111,Achat
2025-07-09,2025-07-09T19:41:22Z,10.88479,111282.97,Vente
2025-07-09,2025-07-09T19:43:43Z,10,111381.98,Vente
2025-07-09,2025-07-09T19:48:56Z,10,111500,Achat
2025-07-09,2025-07-09T19:50:36Z,10,111608.24,Vente
2025-07-09,2025-07-09T19:51:13Z,10,111617.98,Vente
2025-07-09,2025-07-09T19:55:01Z,10,111889.98,Vente
2025-07-09,2025-07-09T23:33:43Z,10.08847,111461.93,Achat
2025-07-10,2025-07-10T03:42:04Z,10,111000,Vente
2025-07-10,2025-07-10T05:02:51Z,10,111050,Achat
2025-07-10,2025-07-10T06:10:40Z,11.00405,111099.99,Vente
2025-07-10,2025-07-10T11:49:38Z,10,111054.29,Achat
2025-07-10,2025-07-10T11:52:45Z,10,111031.95,Achat
2025-07-10,2025-07-10T15:01:28Z,20,111216,Achat
2025-07-10,2025-07-10T16:15:30Z,10,111500,Achat
2025-07-10,2025-07-10T16:24:27Z,10,112000,Achat
2025-07-10,2025-07-10T16:24:27Z,11.050918,112200,Vente
2025-07-10,2025-07-10T16:29:00Z,12.6787,112500,Achat
2025-07-10,2025-07-10T17:01:46Z,10,112600,Achat
2025-07-10,2025-07-10T17:05:43Z,10.3173,112900,Achat
2025-07-10,2025-07-10T17:09:16Z,10,113050,Achat
2025-07-10,2025-07-10T17:30:53Z,10,113500,Achat
2025-07-10,2025-07-10T20:26:45Z,10,113444.28,Vente
2025-07-10,2025-07-10T21:18:27Z,21.06552,115000,Achat
2025-07-10,2025-07-10T22:07:08Z,10,116335,Vente
2025-07-11,2025-07-11T01:40:38Z,10,115938,Achat
2025-07-11,2025-07-11T01:47:17Z,14.00974,115967.15,Vente
2025-07-11,2025-07-11T01:54:58Z,12.22943,115878.9,Vente
2025-07-11,2025-07-11T02:39:49Z,10.38835,116500,Achat
2025-07-11,2025-07-11T03:40:40Z,10,116441.99,Vente
2025-07-11,2025-07-11T03:56:03Z,17.91253,116930.25,Achat
2025-07-11,2025-07-11T03:56:03Z,11.8288,116930.25,Achat
2025-07-11,2025-07-11T05:05:25Z,10,117000,Achat
2025-07-11,2025-07-11T05:30:30Z,19.29523,117500,Achat
2025-07-11,2025-07-11T05:36:53Z,10,117907,Achat
2025-07-11,2025-07-11T05:48:01Z,10.4723,118300,Vente
2025-07-11,2025-07-11T05:48:16Z,10,118300,Vente
2025-07-11,2025-07-11T07:31:44Z,11.19235,117819.99,Vente
2025-07-11,2025-07-11T08:02:31Z,10,117700.06,Achat
2025-07-11,2025-07-11T08:13:50Z,13.89524,117773.4,Achat
2025-07-11,2025-07-11T09:13:07Z,11.84752,118006,Achat
2025-07-11,2025-07-11T09:57:11Z,11.32395,118459.97,Vente
2025-07-11,2025-07-11T10:55:57Z,15.4712,118006,Vente
2025-07-11,2025-07-11T10:55:58Z,17.15094,118000,Vente
2025-07-12,2025-07-12T12:43:04Z,10.24411,117491.79,Vente
2025-07-12,2025-07-12T12:49:26Z,10.04387,117372.78,Vente
2025-07-12,2025-07-12T16:01:36Z,10,117086.9,Achat
2025-07-12,2025-07-12T16:22:25Z,10,117342,Vente
2025-07-12,2025-07-12T19:23:39Z,10.17031,117639.97,Vente
2025-07-13,2025-07-13T00:51:17Z,10.27468,117348.01,Achat
2025-07-13,2025-07-13T04:40:59Z,10,117850,Vente
2025-07-13,2025-07-13T04:40:59Z,17.87522,117850,Vente
2025-07-13,2025-07-13T06:33:57Z,10,117883.34,Vente
2025-07-13,2025-07-13T12:54:29Z,10,118500,Achat
2025-07-13,2025-07-13T12:54:29Z,10.19298,118500,Achat
2025-07-13,2025-07-13T13:09:00Z,10,118318.03,Achat
2025-07-13,2025-07-13T14:18:32Z,10,119200,Achat
2025-07-13,2025-07-13T14:18:34Z,10,119300,Achat
2025-07-13,2025-07-13T16:56:45Z,10,118626.11,Achat
2025-07-13,2025-07-13T16:59:38Z,10,118526.53,Achat
2025-07-13,2025-07-13T20:12:10Z,10.092,118949.11,Achat
2025-07-13,2025-07-13T22:18:32Z,10,118376.01,Achat
2025-07-13,2025-07-13T22:28:31Z,10,118417.03,Achat
2025-07-13,2025-07-13T22:33:00Z,10,118579.99,Achat
2025-07-14,2025-07-14T02:30:20Z,10,119900,Achat
2025-07-14,2025-07-14T03:37:00Z,10,119822.88,Achat
2025-07-14,2025-07-14T03:42:04Z,10,120000,Achat
2025-07-14,2025-07-14T03:42:06Z,10.24,120000,Achat
2025-07-14,2025-07-14T03:42:18Z,11.6179,120000,Achat
2025-07-14,2025-07-14T03:42:18Z,10.22782,120000,Achat
2025-07-14,2025-07-14T03:42:19Z,15.846856,120000,Achat
2025-07-14,2025-07-14T03:43:11Z,10.67786,121000,Achat
2025-07-14,2025-07-14T03:43:11Z,11.28091,121000,Achat
2025-07-14,2025-07-14T05:27:36Z,10,122478.78,Vente
2025-07-14,2025-07-14T05:35:53Z,10,122345.95,Achat
2025-07-14,2025-07-14T05:39:48Z,10,122200,Vente
2025-07-14,2025-07-14T05:44:11Z,10.24952,122300,Achat
2025-07-14,2025-07-14T09:46:24Z,10.21468,121945.84,Achat
2025-07-14,2025-07-14T09:53:37Z,10,122000,Vente
2025-07-14,2025-07-14T15:10:25Z,16.75572,120500.02,Vente
2025-07-14,2025-07-14T15:26:20Z,11.00844,120375.68,Vente
2025-07-14,2025-07-14T16:17:56Z,11.19995,119310,Achat
2025-07-14,2025-07-14T16:50:04Z,10,119964.56,Achat
2025-07-14,2025-07-14T17:15:14Z,10,120500,Vente
2025-07-15,2025-07-15T00:47:57Z,10,119330.85,Achat
2025-07-15,2025-07-15T01:22:37Z,10.32097,118819.97,Vente
2025-07-15,2025-07-15T01:29:49Z,17.77308,119040.53,Vente
2025-07-15,2025-07-15T02:58:35Z,11.62665,118298.8,Vente
2025-07-15,2025-07-15T04:09:46Z,10,116500.01,Vente
2025-07-15,2025-07-15T05:03:52Z,12,117600,Achat
2025-07-15,2025-07-15T05:37:19Z,17.2033,117000,Vente
2025-07-15,2025-07-15T08:32:36Z,10.09921,116790.01,Achat
2025-07-15,2025-07-15T11:24:18Z,12.32346,116408.7,Achat
2025-07-15,2025-07-15T13:06:01Z,10,117500,Achat
2025-07-15,2025-07-15T14:54:17Z,28.54298,116245,Vente
2025-07-15,2025-07-15T14:56:16Z,16.9225,116000,Vente
2025-07-15,2025-07-15T18:27:32Z,17.11743,116840,Achat
2025-07-15,2025-07-15T18:31:31Z,10.99745,116700,Vente
2025-07-15,2025-07-15T19:27:32Z,11.20897,116750,Achat
2025-07-15,2025-07-15T20:15:18Z,12.3038,116725,Vente
2025-07-16,2025-07-16T00:34:21Z,16.99732,117665.61,Achat
2025-07-16,2025-07-16T06:38:46Z,10,118200,Achat
2025-07-16,2025-07-16T08:37:34Z,10,118500,Achat
2025-07-16,2025-07-16T09:12:52Z,10,119000,Achat
2025-07-16,2025-07-16T13:35:40Z,10,118768.9,Vente
2025-07-16,2025-07-16T13:51:13Z,10,118340,Vente
2025-07-16,2025-07-16T15:07:39Z,12.73362,119610,Vente
2025-07-16,2025-07-16T20:23:35Z,10,119320,Achat
2025-07-16,2025-07-16T20:23:37Z,16.76165,119320,Achat
2025-07-16,2025-07-16T20:23:37Z,10,119320,Achat
2025-07-17,2025-07-17T01:47:00Z,12.11666,118000,Vente
2025-07-17,2025-07-17T02:14:59Z,10.15127,118397.23,Vente
2025-07-17,2025-07-17T07:03:28Z,11.972,118100,Vente
2025-07-17,2025-07-17T18:26:06Z,10,119400,Vente
2025-07-17,2025-07-17T19:07:05Z,10,119800,Achat
2025-07-17,2025-07-17T19:45:19Z,10,119400,Vente
2025-07-17,2025-07-17T19:45:19Z,18.43157,119400,Vente
2025-07-17,2025-07-17T21:10:36Z,11.74259,120000,Achat
2025-07-17,2025-07-17T21:24:20Z,35.55002,120950,Achat
2025-07-18,2025-07-18T01:39:45Z,10,120500,Achat
2025-07-18,2025-07-18T04:10:46Z,11.79312,119879.36,Achat
2025-07-18,2025-07-18T06:18:31Z,10,120352,Vente
2025-07-18,2025-07-18T07:36:12Z,10.32403,119682.78,Achat
2025-07-18,2025-07-18T08:28:27Z,21.88208,119117,Vente
2025-07-18,2025-07-18T08:28:27Z,13.0246,119110,Achat
2025-07-18,2025-07-18T09:04:52Z,10,118450,Achat
2025-07-18,2025-07-18T11:22:02Z,11.76001,118806.26,Vente
2025-07-18,2025-07-18T13:16:09Z,10,118800,Vente
2025-07-18,2025-07-18T14:20:42Z,19.70899,118150,Vente
2025-07-18,2025-07-18T18:48:19Z,10,117479.93,Achat
2025-07-18,2025-07-18T20:27:47Z,22.0442,117000,Vente
2025-07-19,2025-07-19T10:40:59Z,17.212,118430,Vente
2025-07-19,2025-07-19T14:48:53Z,19.19226,117650,Achat
2025-07-20,2025-07-20T02:55:46Z,10,117940,Achat
2025-07-20,2025-07-20T04:23:31Z,10,118050,Achat
2025-07-20,2025-07-20T07:31:02Z,10,118060,Achat
2025-07-20,2025-07-20T08:40:39Z,10.9201,118241.69,Vente
2025-07-20,2025-07-20T08:59:49Z,16.5955,118050,Achat
2025-07-20,2025-07-20T09:42:14Z,12.70071,118100.01,Achat
2025-07-20,2025-07-20T12:22:31Z,11.04911,117984.24,Achat
2025-07-20,2025-07-20T12:46:23Z,10,117840,Achat
2025-07-20,2025-07-20T13:22:51Z,11.93485,118127.99,Vente
2025-07-20,2025-07-20T14:51:47Z,10,118500,Vente
2025-07-20,2025-07-20T16:53:24Z,10,118604.62,Vente
2025-07-20,2025-07-20T17:42:03Z,10,118100,Vente
2025-07-21,2025-07-21T00:55:49Z,19.37516,117100,Vente
2025-07-21,2025-07-21T00:56:01Z,10,117080,Vente
2025-07-21,2025-07-21T03:10:58Z,19.67417,118500,Achat
2025-07-21,2025-07-21T03:34:41Z,10.32795,118580.42,Vente
2025-07-21,2025-07-21T05:03:16Z,14.58417,118341.45,Achat
2025-07-21,2025-07-21T06:14:12Z,10.94513,118307.94,Achat
2025-07-21,2025-07-21T06:22:28Z,13.27351,118588.67,Vente
2025-07-21,2025-07-21T07:25:57Z,18.50629,119500,Achat
2025-07-21,2025-07-21T08:06:38Z,12.55245,119377.54,Achat
2025-07-21,2025-07-21T08:08:01Z,13.63416,119440.01,Achat
2025-07-21,2025-07-21T08:22:46Z,17.06255,119280,Vente
2025-07-21,2025-07-21T08:32:12Z,11.22555,119310.23,Achat
2025-07-21,2025-07-21T11:04:15Z,13,118710.62,Vente
2025-07-21,2025-07-21T11:13:14Z,10,118699.99,Vente
2025-07-21,2025-07-21T14:08:31Z,10.0703,118655.01,Achat
2025-07-22,2025-07-22T01:39:12Z,12.76542,117339.63,Achat
2025-07-22,2025-07-22T04:20:45Z,20,117132.74,Achat
2025-07-22,2025-07-22T04:31:17Z,10.14455,117079.2,Vente
2025-07-22,2025-07-22T06:16:56Z,16.05476,117455.5,Vente
2025-07-22,2025-07-22T06:21:38Z,10.99135,117650,Achat
2025-07-22,2025-07-22T06:33:03Z,13.69258,117625,Vente
2025-07-22,2025-07-22T07:22:31Z,13.30715,118420,Vente
2025-07-22,2025-07-22T07:25:24Z,24.39718,118500,Achat
2025-07-22,2025-07-22T09:23:01Z,12.70884,117999.34,Achat
2025-07-22,2025-07-22T09:47:11Z,11.36941,118639.81,Achat
2025-07-22,2025-07-22T11:05:28Z,20,119000,Achat
2025-07-22,2025-07-22T11:41:58Z,12.87604,119000,Achat
2025-07-22,2025-07-22T12:05:42Z,20,119200,Achat
2025-07-22,2025-07-22T12:37:30Z,17.53571,119370,Achat
2025-07-22,2025-07-22T14:05:33Z,11.94406,117888.32,Achat
2025-07-22,2025-07-22T16:04:11Z,20,119000,Achat
2025-07-23,2025-07-23T00:24:40Z,10.08856,119910.96,Vente
2025-07-23,2025-07-23T03:44:13Z,20,118800,Vente
2025-07-23,2025-07-23T05:09:42Z,10.18378,118901.33,Vente
2025-07-23,2025-07-23T07:09:28Z,20,118485,Vente
2025-07-23,2025-07-23T08:45:38Z,10.95468,118330,Vente
2025-07-23,2025-07-23T09:08:27Z,10.83136,118368,Achat
2025-07-23,2025-07-23T09:26:27Z,11.01872,118100,Vente
2025-07-23,2025-07-23T13:49:27Z,10.395,117500,Vente
2025-07-23,2025-07-23T13:49:27Z,17.2031,117500,Vente
2025-07-23,2025-07-23T14:19:00Z,10.13231,117939.48,Vente
2025-07-23,2025-07-23T15:41:46Z,10.01765,118187.3,Vente
2025-07-23,2025-07-23T18:56:02Z,20,118360,Achat
2025-07-23,2025-07-23T19:32:59Z,11.18733,118275.75,Vente
2025-07-23,2025-07-23T22:21:18Z,10,118354.99,Vente
2025-07-24,2025-07-24T00:31:18Z,10,118953.05,Vente
2025-07-24,2025-07-24T06:02:41Z,11.08759,117741.96,Vente
2025-07-24,2025-07-24T09:23:38Z,15,118616.02,Achat
2025-07-24,2025-07-24T11:19:40Z,10,118691.04,Achat
2025-07-24,2025-07-24T13:03:43Z,12.37167,118622.9,Vente
2025-07-24,2025-07-24T13:13:28Z,10,118668.45,Vente
2025-07-24,2025-07-24T14:37:07Z,16.75563,118500,Achat
2025-07-24,2025-07-24T15:00:51Z,11.0928,119170,Achat
2025-07-24,2025-07-24T15:00:52Z,10,119199.99,Vente
2025-07-24,2025-07-24T15:13:12Z,20,119329,Achat
2025-07-24,2025-07-24T17:33:47Z,10.93925,119123.01,Achat
2025-07-25,2025-07-25T00:13:14Z,11.00287,118043.45,Achat
2025-07-25,2025-07-25T00:40:54Z,16.80335,117700,Vente
2025-07-25,2025-07-25T01:12:56Z,17.50337,117572.53,Achat
2025-07-25,2025-07-25T01:13:33Z,10.70354,117572.53,Vente
2025-07-25,2025-07-25T01:37:28Z,11.65461,117600,Vente
2025-07-25,2025-07-25T01:50:31Z,12.5541,117317.37,Achat
2025-07-25,2025-07-25T01:50:41Z,11.65979,117300.01,Achat
2025-07-25,2025-07-25T01:50:45Z,10.53645,117300,Vente
2025-07-25,2025-07-25T01:59:11Z,20,117460,Vente
2025-07-25,2025-07-25T02:09:19Z,17.41067,117188,Vente
2025-07-25,2025-07-25T02:09:47Z,10.86733,117199.89,Achat
2025-07-25,2025-07-25T02:27:13Z,10.77312,117100,Achat
2025-07-25,2025-07-25T02:30:18Z,10.79662,117099.99,Vente
2025-07-25,2025-07-25T02:35:29Z,13.2152,117025.39,Achat
2025-07-25,2025-07-25T02:35:31Z,10.3,117000,Vente
2025-07-25,2025-07-25T02:35:31Z,10.7,117000,Vente
2025-07-25,2025-07-25T02:35:32Z,10,117000,Vente
2025-07-25,2025-07-25T02:35:32Z,20,117000,Vente
2025-07-25,2025-07-25T02:35:32Z,10.7,117000,Vente
2025-07-25,2025-07-25T02:35:32Z,10.6,117000,Vente
2025-07-25,2025-07-25T02:38:05Z,10.18856,116900,Vente
2025-07-25,2025-07-25T02:38:44Z,18.2979,116815,Vente
2025-07-25,2025-07-25T02:39:42Z,11.88605,116856,Achat
2025-07-25,2025-07-25T02:43:45Z,11.66709,116650,Vente
2025-07-25,2025-07-25T02:45:19Z,14.80493,116600,Vente
2025-07-25,2025-07-25T02:47:40Z,17.27576,116500,Vente
2025-07-25,2025-07-25T02:47:40Z,10.47799,116500.01,Achat
2025-07-25,2025-07-25T02:47:40Z,19.8902,116500,Vente
2025-07-25,2025-07-25T02:49:06Z,12.00065,116654,Achat
2025-07-25,2025-07-25T03:06:13Z,11.45983,116000,Vente
2025-07-25,2025-07-25T03:06:13Z,15.7432,116000,Vente
2025-07-25,2025-07-25T03:14:50Z,10.06933,116239.99,Vente
2025-07-25,2025-07-25T03:14:54Z,10.74712,116213.41,Achat
2025-07-25,2025-07-25T03:15:51Z,10.31981,116089.01,Achat
2025-07-25,2025-07-25T04:10:10Z,19.44567,115200,Vente
2025-07-25,2025-07-25T04:26:05Z,14.67156,115120.35,Vente
2025-07-25,2025-07-25T05:57:46Z,10,115512.87,Achat
2025-07-25,2025-07-25T09:24:22Z,10.97036,115652.78,Achat
2025-07-25,2025-07-25T09:57:58Z,10.95088,115939.99,Vente
2025-07-25,2025-07-25T15:22:08Z,11.33594,115265.17,Achat
2025-07-25,2025-07-25T16:12:14Z,16.10406,115915.58,Achat
2025-07-25,2025-07-25T17:01:46Z,10.25184,116197.27,Achat
2025-07-25,2025-07-25T19:18:39Z,10.80246,116640.01,Achat
2025-07-26,2025-07-26T06:36:43Z,11.07615,117400,Achat
2025-07-26,2025-07-26T16:40:09Z,11.49708,118088.88,Vente
2025-07-26,2025-07-26T19:35:31Z,10,118100,Achat
2025-07-26,2025-07-26T19:35:45Z,10,118100,Achat
2025-07-27,2025-07-27T02:47:38Z,10,118114.58,Achat
2025-07-27,2025-07-27T02:53:35Z,12.71269,118350,Achat
2025-07-27,2025-07-27T15:47:40Z,10,118412.07,Achat
2025-07-27,2025-07-27T16:17:22Z,11.38369,119283.62,Achat
2025-07-27,2025-07-27T22:16:28Z,13.23072,119649.75,Achat
2025-07-28,2025-07-28T01:49:53Z,10.0846,119000,Vente
2025-07-28,2025-07-28T03:34:18Z,13.72385,119283,Achat
2025-07-28,2025-07-28T10:48:22Z,11.79994,118785.75,Vente
2025-07-28,2025-07-28T11:36:24Z,11.186,118500,Vente
2025-07-28,2025-07-28T13:59:50Z,13.24454,118417.63,Vente
2025-07-28,2025-07-28T16:19:48Z,10.11714,118124.78,Achat
2025-07-29,2025-07-29T05:32:51Z,10,118622.16,Vente
2025-07-29,2025-07-29T07:46:36Z,17.07963,119201,Achat
2025-07-29,2025-07-29T12:04:02Z,10,118699.99,Vente
2025-07-29,2025-07-29T14:52:56Z,10.4711,117800,Vente
2025-07-29,2025-07-29T14:53:22Z,11.5804,117750,Vente
2025-07-29,2025-07-29T15:01:23Z,10.11698,117787.79,Achat
2025-07-29,2025-07-29T20:01:13Z,10,117582.1,Vente
2025-07-30,2025-07-30T05:16:01Z,11.43139,117670,Achat
2025-07-30,2025-07-30T05:16:01Z,11.63201,117670,Achat
2025-07-30,2025-07-30T08:08:02Z,20,118200,Achat
2025-07-30,2025-07-30T08:16:00Z,10.68483,117940,Achat
2025-07-30,2025-07-30T10:34:41Z,11.67004,118314.59,Achat
2025-07-30,2025-07-30T10:37:36Z,17.01833,118416.16,Achat
2025-07-30,2025-07-30T10:38:26Z,20,118386.7,Achat
2025-07-30,2025-07-30T10:59:37Z,11.39819,117940,Achat
2025-07-30,2025-07-30T10:59:37Z,10.36736,117940,Achat
2025-07-30,2025-07-30T13:54:46Z,10.59869,117500,Achat
2025-07-30,2025-07-30T15:23:58Z,10.49252,118200,Achat
2025-07-30,2025-07-30T15:35:45Z,10.0389,118153.41,Achat
2025-07-30,2025-07-30T15:38:53Z,12.62386,118200,Vente
2025-07-30,2025-07-30T18:40:07Z,19.6729,117400,Vente
2025-07-30,2025-07-30T18:41:25Z,10.10483,117266.01,Achat
2025-07-30,2025-07-30T18:49:00Z,10.13011,117000,Vente
2025-07-30,2025-07-30T18:50:46Z,13.27195,116800,Vente
2025-07-30,2025-07-30T18:50:48Z,20,116800,Vente
2025-07-30,2025-07-30T18:53:35Z,20,116800,Vente
2025-07-30,2025-07-30T18:55:01Z,17.79849,116800,Vente
2025-07-30,2025-07-30T18:57:17Z,19.78999,116600,Vente
2025-07-30,2025-07-30T19:04:27Z,29.05808,116000,Vente
2025-07-30,2025-07-30T19:05:02Z,10.58787,115996.72,Achat
2025-07-30,2025-07-30T19:13:17Z,11.18025,116092.78,Vente
2025-07-30,2025-07-30T19:38:05Z,27.74268,116253.61,Achat
2025-07-30,2025-07-30T23:54:33Z,11.13543,117800,Vente
2025-07-31,2025-07-31T00:48:21Z,10.44428,118498.99,Vente
2025-07-31,2025-07-31T00:48:26Z,15.87914,118490,Achat
2025-07-31,2025-07-31T00:48:52Z,15.78533,118500,Achat
2025-07-31,2025-07-31T00:48:54Z,21.92182,118499.99,Vente
2025-07-31,2025-07-31T02:54:03Z,19.11847,118500,Achat
2025-07-31,2025-07-31T06:57:00Z,20.918,118700,Achat
2025-07-31,2025-07-31T13:39:21Z,16.90617,118300,Achat
2025-07-31,2025-07-31T14:56:52Z,10,118036.51,Achat
2025-07-31,2025-07-31T15:20:06Z,10.72677,118119.75,Vente
2025-07-31,2025-07-31T15:22:48Z,10,118004.86,Vente
2025-07-31,2025-07-31T15:33:46Z,14.66932,118250,Vente
2025-07-31,2025-07-31T17:29:29Z,10,117831.83,Vente
2025-07-31,2025-07-31T17:50:33Z,10.14418,117889.12,Achat
2025-07-31,2025-07-31T18:10:48Z,20,117500,Vente
2025-07-31,2025-07-31T18:21:08Z,18.93139,117592.55,Achat
2025-07-31,2025-07-31T19:13:29Z,15.8269,117300,Vente
2025-07-31,2025-07-31T19:16:27Z,16.42514,117250,Vente
2025-07-31,2025-07-31T19:22:43Z,16.19407,117221.98,Vente
2025-07-31,2025-07-31T19:27:17Z,13.89835,117133.52,Achat
2025-07-31,2025-07-31T20:53:42Z,12.35297,116555.17,Vente
2025-07-31,2025-07-31T20:56:04Z,23.89314,116458.01,Achat
2025-07-31,2025-07-31T22:53:09Z,10.58005,116199.99,Vente
2025-07-31,2025-07-31T23:00:04Z,12.70671,116000,Vente
2025-07-31,2025-07-31T23:00:04Z,10.64368,116000,Vente
2025-07-31,2025-07-31T23:00:56Z,11.97507,116050.01,Achat
2025-07-31,2025-07-31T23:29:35Z,11.50435,116080,Vente
2025-08-01,2025-08-01T00:50:45Z,26.5822,115000,Vente
2025-08-01,2025-08-01T00:51:44Z,21.2764,114500,Vente
2025-08-01,2025-08-01T03:35:16Z,10.86664,115904.01,Achat
2025-08-01,2025-08-01T04:28:31Z,11.25213,115553.64,Vente
2025-08-01,2025-08-01T10:42:05Z,11.31293,114878.8,Vente
2025-08-01,2025-08-01T10:50:18Z,10,114862.97,Vente
2025-08-01,2025-08-01T11:40:38Z,12.24646,115187.63,Vente
2025-08-01,2025-08-01T13:09:01Z,14.64437,115858.97,Achat
2025-08-01,2025-08-01T13:40:52Z,17.35488,115241.35,Achat
2025-08-01,2025-08-01T14:03:06Z,10,114162.28,Achat
2025-08-01,2025-08-01T14:03:18Z,13.3443,114000,Vente
2025-08-01,2025-08-01T17:13:04Z,11.33043,114700,Achat
2025-08-01,2025-08-01T18:16:43Z,15.04329,114000,Vente
2025-08-01,2025-08-01T19:21:19Z,10.44262,113500,Vente
2025-08-01,2025-08-01T20:20:57Z,11.7972,113600,Vente
2025-08-01,2025-08-01T22:43:08Z,10.22808,113000.05,Vente
2025-08-01,2025-08-01T22:43:08Z,12.80153,113000,Vente
2025-08-02,2025-08-02T03:48:58Z,10,113858.55,Vente
2025-08-02,2025-08-02T04:20:33Z,10,113879.48,Achat
2025-08-02,2025-08-02T06:04:08Z,11.54185,113922.94,Vente
2025-08-02,2025-08-02T14:20:37Z,10.74732,113200,Vente
2025-08-02,2025-08-02T18:04:11Z,10,112828.03,Vente
2025-08-02,2025-08-02T18:15:00Z,10,112500,Vente
2025-08-02,2025-08-02T18:18:53Z,10.26572,112500,Vente
2025-08-02,2025-08-02T18:49:10Z,11.72181,112300,Vente
2025-08-02,2025-08-02T19:32:32Z,10,112855,Vente
2025-08-02,2025-08-02T19:32:51Z,10,112813.93,Vente
2025-08-02,2025-08-02T23:21:09Z,17.78568,112450,Achat
2025-08-02,2025-08-02T23:24:25Z,13.95965,112400,Achat
2025-08-03,2025-08-03T00:37:44Z,20.52625,112100,Vente
2025-08-03,2025-08-03T02:27:30Z,10,113425,Vente
2025-08-03,2025-08-03T08:32:18Z,10.51607,113680.62,Vente
2025-08-03,2025-08-03T09:37:15Z,17.59479,113670.01,Achat
2025-08-03,2025-08-03T11:11:08Z,19.25296,114100,Vente
2025-08-03,2025-08-03T12:01:52Z,11.18308,113800,Achat
2025-08-03,2025-08-03T14:39:05Z,10,113750.82,Achat
2025-08-03,2025-08-03T16:15:40Z,10,113795,Achat
2025-08-03,2025-08-03T19:41:53Z,10,114568.92,Vente
2025-08-04,2025-08-04T03:17:07Z,12.55431,114696,Achat
2025-08-04,2025-08-04T13:38:39Z,17.45688,114568,Achat
2025-08-04,2025-08-04T14:07:11Z,10.49758,115400.55,Achat
2025-08-04,2025-08-04T20:55:08Z,10,114950.01,Achat
2025-08-05,2025-08-05T04:07:42Z,11.40275,114325.99,Vente
2025-08-05,2025-08-05T04:09:13Z,10.47382,114379.99,Vente
2025-08-05,2025-08-05T04:10:25Z,10.03544,114342.99,Vente
2025-08-05,2025-08-05T07:08:09Z,17.51313,114200,Achat
2025-08-05,2025-08-05T10:37:00Z,10,115000.91,Vente
2025-08-05,2025-08-05T13:33:38Z,13.48846,114326.72,Achat
2025-08-05,2025-08-05T14:07:02Z,17.54386,114000,Achat
2025-08-05,2025-08-05T14:31:49Z,11.1375,113100,Vente
2025-08-05,2025-08-05T14:47:14Z,20,112776,Achat
2025-08-06,2025-08-06T10:05:00Z,10.6536,114098.01,Vente
2025-08-06,2025-08-06T15:08:15Z,11.56137,114900.02,Achat
2025-08-06,2025-08-06T18:02:07Z,10,115599.99,Vente
2025-08-07,2025-08-07T05:00:48Z,20,114348,Vente
2025-08-07,2025-08-07T11:01:00Z,15.8387,116460,Vente
2025-08-07,2025-08-07T11:10:33Z,11.47661,116435.53,Achat
2025-08-07,2025-08-07T11:27:48Z,10.29127,116768.67,Achat
2025-08-07,2025-08-07T11:29:35Z,11.52717,116828.3,Achat
2025-08-07,2025-08-07T11:50:15Z,11.97098,116744.01,Achat
2025-08-07,2025-08-07T12:09:45Z,10.80209,116316.68,Achat
2025-08-07,2025-08-07T13:35:18Z,20,116500,Achat
2025-08-07,2025-08-07T14:32:26Z,10,116213.2,Vente
2025-08-07,2025-08-07T14:58:56Z,10.30787,116336.28,Vente
2025-08-07,2025-08-07T15:55:01Z,10,116723.66,Achat
2025-08-07,2025-08-07T16:18:28Z,11.08723,116596.41,Vente
2025-08-07,2025-08-07T17:26:57Z,10,116498.77,Achat
2025-08-07,2025-08-07T19:49:43Z,13.27389,117433,Vente
2025-08-07,2025-08-07T22:49:24Z,11.18755,117523.32,Vente
2025-08-07,2025-08-07T22:50:57Z,11.97409,117475.15,Achat
2025-08-07,2025-08-07T22:54:51Z,10.60948,117593.99,Vente
2025-08-07,2025-08-07T22:59:11Z,12,117574.01,Achat
2025-08-08,2025-08-08T03:46:57Z,10,116730.54,Achat
2025-08-08,2025-08-08T04:53:33Z,10,116779.59,Vente
2025-08-08,2025-08-08T05:24:49Z,17.45708,116660.01,Achat
2025-08-08,2025-08-08T05:40:41Z,10,116589.88,Vente
2025-08-09,2025-08-09T03:41:57Z,10.28445,116372.87,Vente
2025-08-09,2025-08-09T03:41:57Z,12.5985,116300,Achat
2025-08-09,2025-08-09T05:06:33Z,24.37073,116700,Achat
2025-08-09,2025-08-09T05:27:11Z,10,116979.99,Vente
2025-08-09,2025-08-09T05:28:12Z,10,116979.38,Vente
2025-08-09,2025-08-09T06:20:48Z,10,116720,Achat
2025-08-09,2025-08-09T09:52:44Z,10,117300,Vente
2025-08-09,2025-08-09T09:57:52Z,10.18046,117450.29,Vente
2025-08-09,2025-08-09T09:59:15Z,28.20114,117500,Achat
2025-08-09,2025-08-09T10:51:17Z,10.0255,117484.5,Achat
2025-08-09,2025-08-09T14:53:35Z,10,116927.83,Achat
2025-08-09,2025-08-09T21:25:50Z,15.20071,116500,Vente
2025-08-10,2025-08-10T03:09:06Z,21.88725,117800,Achat
2025-08-10,2025-08-10T03:09:16Z,10.22,117800,Achat
2025-08-10,2025-08-10T03:09:16Z,24.4891,117800,Achat
2025-08-10,2025-08-10T03:20:27Z,21.0496,118000,Achat
2025-08-10,2025-08-10T03:44:22Z,10.36969,118194.08,Vente
2025-08-10,2025-08-10T04:28:46Z,10.19992,118650,Vente
2025-08-10,2025-08-10T06:49:47Z,11.41248,117940.24,Achat
2025-08-10,2025-08-10T07:27:19Z,10.14001,118123.11,Vente
2025-08-10,2025-08-10T12:07:44Z,13.50802,118500,Achat
2025-08-10,2025-08-10T14:23:23Z,11.2154,118693.79,Achat
2025-08-10,2025-08-10T14:45:57Z,10,118750,Vente
2025-08-10,2025-08-10T15:08:02Z,10,119000,Achat
2025-08-10,2025-08-10T15:20:25Z,20,118731.51,Vente
2025-08-10,2025-08-10T15:20:30Z,11.16667,118731.51,Vente
2025-08-11,2025-08-11T00:10:27Z,12.58055,119200,Vente
2025-08-11,2025-08-11T01:32:25Z,10.10952,119500,Achat
2025-08-11,2025-08-11T01:57:15Z,14.83306,119800,Achat
2025-08-11,2025-08-11T01:59:35Z,20,119800,Achat
2025-08-11,2025-08-11T02:00:08Z,16.66667,120000,Achat
2025-08-11,2025-08-11T02:00:08Z,16.25104,120000,Achat
2025-08-11,2025-08-11T02:00:08Z,24.9245,120000,Achat
2025-08-11,2025-08-11T02:13:44Z,22.2956,121000,Achat
2025-08-11,2025-08-11T03:16:07Z,20,122000,Achat
2025-08-11,2025-08-11T03:50:30Z,11.00641,121829.04,Vente
2025-08-11,2025-08-11T04:44:16Z,15.27389,121754.05,Vente
2025-08-11,2025-08-11T04:52:04Z,10,122000,Achat
2025-08-11,2025-08-11T09:44:23Z,10.0988,121350.49,Achat
2025-08-11,2025-08-11T13:24:09Z,10.44225,119546.23,Achat
2025-08-11,2025-08-11T14:04:41Z,12.11699,120202.01,Achat
2025-08-11,2025-08-11T16:49:54Z,10.92144,120057.71,Vente
2025-08-11,2025-08-11T19:52:24Z,12.06354,118750,Vente
2025-08-11,2025-08-11T19:52:24Z,10,118750,Vente
2025-08-11,2025-08-11T21:51:12Z,10,118380.01,Achat
2025-08-11,2025-08-11T22:15:16Z,10.29947,118657.88,Vente
2025-08-11,2025-08-11T22:21:27Z,12.70816,118330,Achat
2025-08-12,2025-08-12T00:33:55Z,10,118724.01,Achat
2025-08-12,2025-08-12T02:40:33Z,10,119240.03,Achat
2025-08-12,2025-08-12T05:18:33Z,20,118700,Achat
2025-08-12,2025-08-12T05:41:45Z,12.73613,118500,Vente
2025-08-12,2025-08-12T06:24:05Z,39.41462,118932,Achat
2025-08-12,2025-08-12T06:24:07Z,36.01316,118982,Achat
2025-08-12,2025-08-12T08:00:05Z,11.15507,119009.63,Vente
2025-08-12,2025-08-12T09:45:25Z,11.81076,118565.31,Vente
2025-08-12,2025-08-12T10:00:37Z,20,118420,Achat
2025-08-12,2025-08-12T10:08:17Z,11.22488,118325.32,Vente
2025-08-12,2025-08-12T10:58:55Z,13.38279,118506.96,Vente
2025-08-12,2025-08-12T12:11:24Z,13.90743,118360.97,Achat
2025-08-12,2025-08-12T13:01:02Z,12.24832,119266.01,Achat
2025-08-12,2025-08-12T13:01:22Z,10,119266.01,Achat
2025-08-12,2025-08-12T13:35:18Z,23.2369,119600,Achat
2025-08-12,2025-08-12T13:59:24Z,20,118800,Achat
2025-08-12,2025-08-12T15:14:11Z,10,119467.21,Achat
2025-08-12,2025-08-12T15:34:56Z,10.33084,119886.26,Achat
2025-08-12,2025-08-12T16:40:06Z,20,119600,Achat
2025-08-12,2025-08-12T23:31:05Z,19.5489,120170,Vente
2025-08-12,2025-08-12T23:33:40Z,11.23298,120100,Vente
2025-08-12,2025-08-12T23:58:23Z,11.98811,120192.1,Achat
2025-08-13,2025-08-13T01:21:06Z,10.86711,119625.91,Achat
2025-08-13,2025-08-13T03:48:07Z,20,119400,Achat
2025-08-13,2025-08-13T03:55:11Z,12.38737,119522.57,Vente
2025-08-13,2025-08-13T04:53:42Z,10,119379.49,Achat
2025-08-13,2025-08-13T09:22:16Z,10,120011.99,Vente
2025-08-13,2025-08-13T10:00:35Z,12.33161,120120,Achat
2025-08-13,2025-08-13T11:27:03Z,10.10241,120729.79,Vente
2025-08-13,2025-08-13T13:52:05Z,22.3849,121400,Vente
2025-08-13,2025-08-13T18:26:17Z,10.83621,121650,Achat
2025-08-13,2025-08-13T19:23:43Z,20.8915,122500,Achat
2025-08-13,2025-08-13T20:33:09Z,13.06602,122699.38,Achat
2025-08-13,2025-08-13T22:10:32Z,15,122942.67,Vente
2025-08-13,2025-08-13T22:10:44Z,15,122942.67,Vente
2025-08-13,2025-08-13T22:41:30Z,10.62665,123250,Achat
2025-08-13,2025-08-13T22:41:30Z,10.93372,123331,Vente
2025-08-13,2025-08-13T22:41:57Z,10.19517,123500,Achat
2025-08-14,2025-08-14T00:20:22Z,15,123914.23,Vente
2025-08-14,2025-08-14T00:22:38Z,15,124000,Achat
2025-08-14,2025-08-14T06:55:47Z,15,121838.06,Vente
2025-08-14,2025-08-14T07:13:02Z,10,121700.01,Vente
2025-08-14,2025-08-14T07:13:06Z,10,121701.52,Vente
2025-08-14,2025-08-14T07:13:14Z,10,121696,Vente
2025-08-14,2025-08-14T07:14:06Z,11.96004,121670.79,Achat
2025-08-14,2025-08-14T10:28:13Z,10,121489.26,Vente
2025-08-14,2025-08-14T10:47:54Z,25.39488,121121,Vente
2025-08-14,2025-08-14T10:56:11Z,17.83007,120800,Vente
2025-08-14,2025-08-14T11:26:03Z,10.00962,120886.93,Vente
2025-08-14,2025-08-14T12:34:17Z,12.38928,119500,Vente
2025-08-14,2025-08-14T12:34:49Z,16.89482,118500,Vente
2025-08-14,2025-08-14T13:17:40Z,11.26196,118700,Vente
2025-08-14,2025-08-14T13:20:06Z,19.57618,118500,Vente
2025-08-14,2025-08-14T13:47:04Z,16.9272,118339.84,Achat
2025-08-14,2025-08-14T16:05:49Z,10,118021.44,Achat
2025-08-15,2025-08-15T06:28:39Z,12.37183,119048,Achat
2025-08-15,2025-08-15T07:13:01Z,10.70774,118969.99,Vente
2025-08-15,2025-08-15T07:22:18Z,13.65396,118937.59,Achat
2025-08-15,2025-08-15T07:33:13Z,13.18334,118842.37,Vente
2025-08-15,2025-08-15T13:12:00Z,20,118476.77,Vente
2025-08-15,2025-08-15T13:26:41Z,10.82549,118491.98,Vente
2025-08-15,2025-08-15T13:36:22Z,12.0976,118193.15,Achat
2025-08-15,2025-08-15T14:46:36Z,10.58687,117600,Vente
2025-08-15,2025-08-15T14:57:08Z,10.80556,117300,Vente
2025-08-15,2025-08-15T15:09:42Z,24.0606,117000,Vente
2025-08-16,2025-08-16T00:04:12Z,10,117325.99,Achat
2025-08-16,2025-08-16T00:13:57Z,11.78925,117491.43,Vente
2025-08-16,2025-08-16T00:19:32Z,10,117356.43,Achat
2025-08-16,2025-08-16T01:05:51Z,10.68795,117700.01,Achat
2025-08-16,2025-08-16T03:18:36Z,10.34661,117585.84,Vente
2025-08-16,2025-08-16T13:38:37Z,10.00001,117727.99,Vente
2025-08-16,2025-08-16T17:10:07Z,10.22612,117743.27,Vente
2025-08-16,2025-08-16T22:03:08Z,11.32353,117300,Vente
2025-08-17,2025-08-17T02:02:34Z,10,117498.99,Vente
2025-08-17,2025-08-17T03:01:13Z,10.0013,117600.32,Vente
2025-08-17,2025-08-17T03:45:33Z,10,117702.23,Achat
2025-08-17,2025-08-17T06:25:44Z,10,118097.76,Vente
2025-08-17,2025-08-17T12:01:54Z,13.09351,118331.32,Achat
2025-08-17,2025-08-17T16:14:04Z,10.92017,118063.77,Achat
2025-08-18,2025-08-18T01:29:55Z,16.00318,116800,Vente
2025-08-18,2025-08-18T01:53:43Z,17.1969,116300,Achat
2025-08-18,2025-08-18T02:32:29Z,11.18158,115820.01,Achat
2025-08-18,2025-08-18T03:42:31Z,10,115212.63,Vente
2025-08-18,2025-08-18T03:48:51Z,14.20928,115000,Vente
2025-08-18,2025-08-18T05:22:26Z,10,115626.19,Achat
2025-08-18,2025-08-18T05:44:04Z,10,115173.32,Vente
2025-08-18,2025-08-18T05:47:46Z,12.0724,115000,Vente
2025-08-18,2025-08-18T09:19:36Z,19.0644,114890.42,Vente
2025-08-18,2025-08-18T09:46:42Z,10.49345,115099.99,Vente
2025-08-18,2025-08-18T13:17:02Z,10.95637,115554.99,Vente
2025-08-18,2025-08-18T13:27:17Z,11.12364,115657,Vente
2025-08-18,2025-08-18T15:31:48Z,11.50843,115566.6,Achat
2025-08-18,2025-08-18T15:42:48Z,20,115880,Achat
2025-08-19,2025-08-19T02:59:49Z,10.76676,115754,Vente
2025-08-19,2025-08-19T03:23:02Z,20.2364,115388,Vente
2025-08-19,2025-08-19T03:54:14Z,10.09619,114860,Vente
2025-08-19,2025-08-19T03:55:26Z,20,114789.13,Achat
2025-08-19,2025-08-19T03:55:26Z,17.42325,114789.13,Achat
2025-08-19,2025-08-19T03:55:29Z,11.05528,114789.13,Achat
2025-08-19,2025-08-19T03:56:09Z,18.4552,114789.13,Achat
2025-08-19,2025-08-19T14:42:50Z,16.54051,114000,Vente
2025-08-19,2025-08-19T14:42:50Z,10.64906,114000,Vente
2025-08-19,2025-08-19T14:52:24Z,10.99872,114070,Vente
2025-08-19,2025-08-19T21:43:57Z,11.69349,113500,Vente
2025-08-19,2025-08-19T23:49:49Z,10,112835,Vente
2025-08-20,2025-08-20T00:49:01Z,10.16104,113201.1,Achat
2025-08-20,2025-08-20T00:54:29Z,10.80524,113250.88,Achat
2025-08-20,2025-08-20T01:56:21Z,10.10571,113065.99,Vente
2025-08-20,2025-08-20T02:53:51Z,16.05683,113462.7,Achat
2025-08-20,2025-08-20T03:01:18Z,13.67587,113482.93,Vente
2025-08-20,2025-08-20T03:02:29Z,10,113523.99,Vente
2025-08-20,2025-08-20T05:54:59Z,10.1266,113724.32,Achat
2025-08-20,2025-08-20T08:23:42Z,10.88563,113760.01,Achat
2025-08-20,2025-08-20T08:35:27Z,18.40867,113865.32,Vente
2025-08-20,2025-08-20T09:21:34Z,10.11797,113812.61,Achat
2025-08-20,2025-08-20T13:56:08Z,20,112749.14,Vente
2025-08-20,2025-08-20T13:56:08Z,10.6784,112749.14,Vente
2025-08-21,2025-08-21T00:34:16Z,11,114233.97,Achat
2025-08-21,2025-08-21T01:57:02Z,10,114616.62,Vente
2025-08-21,2025-08-21T03:26:10Z,11.95274,114276.67,Achat
2025-08-21,2025-08-21T04:54:42Z,11.32611,113898,Vente
2025-08-22,2025-08-22T01:58:43Z,10.03539,112852.01,Achat
2025-08-22,2025-08-22T02:11:46Z,10,113024.75,Achat
2025-08-22,2025-08-22T02:38:16Z,10,113385.61,Achat
2025-08-22,2025-08-22T02:39:04Z,12.27126,113362.44,Achat
2025-08-22,2025-08-22T03:45:26Z,11.54938,113110.3,Vente
2025-08-22,2025-08-22T08:09:06Z,10.73078,113230.88,Vente
2025-08-22,2025-08-22T10:21:26Z,11.011,112701.85,Achat
2025-08-22,2025-08-22T10:39:46Z,11.97604,112588.01,Achat
2025-08-22,2025-08-22T14:40:14Z,11.71081,116000,Achat
2025-08-22,2025-08-22T15:20:25Z,10.10139,116898.38,Vente
2025-08-22,2025-08-22T15:45:45Z,13.98616,117000,Achat
2025-08-22,2025-08-22T16:20:20Z,10,116200,Vente
2025-08-22,2025-08-22T17:39:14Z,13.63954,116760.87,Vente
2025-08-22,2025-08-22T18:02:13Z,10.14588,117108.15,Vente
2025-08-22,2025-08-22T19:59:44Z,10,116659.99,Vente
2025-08-22,2025-08-22T20:43:57Z,11.56295,116959.63,Vente
2025-08-22,2025-08-22T21:04:06Z,19.20173,117000,Vente
2025-08-23,2025-08-23T02:35:19Z,10,115700,Vente
2025-08-23,2025-08-23T03:30:56Z,10,115684.91,Achat
2025-08-23,2025-08-23T05:48:47Z,10.85561,115900,Achat
2025-08-23,2025-08-23T05:50:30Z,12.40331,115960,Achat
2025-08-23,2025-08-23T05:52:18Z,12.31146,115994.92,Achat
2025-08-23,2025-08-23T09:52:14Z,12.17181,115690,Achat
2025-08-23,2025-08-23T11:30:45Z,10.41524,115550,Achat
2025-08-23,2025-08-23T13:25:50Z,11.00622,115070,Achat
2025-08-23,2025-08-23T14:03:00Z,38.87004,114819.95,Vente
2025-08-23,2025-08-23T15:55:04Z,15.41115,114860,Vente
2025-08-23,2025-08-23T15:55:04Z,16.68782,114860,Vente
2025-08-23,2025-08-23T18:07:27Z,11.76578,115162.01,Achat
2025-08-23,2025-08-23T20:58:16Z,10,115321,Vente
2025-08-23,2025-08-23T22:17:12Z,10.45058,115279.25,Vente
2025-08-23,2025-08-23T23:55:04Z,10.7504,115427.69,Achat
2025-08-23,2025-08-23T23:55:15Z,13.79005,115450,Achat
2025-08-23,2025-08-23T23:57:24Z,11.01395,115434.41,Achat
2025-08-24,2025-08-24T00:57:51Z,10.74661,115355.99,Vente
2025-08-24,2025-08-24T01:14:33Z,16.09115,115351.01,Achat
2025-08-24,2025-08-24T01:45:26Z,17.66589,115499.99,Vente
2025-08-24,2025-08-24T01:46:48Z,10,115463.41,Vente
2025-08-24,2025-08-24T01:52:08Z,16.13014,115507.98,Vente
2025-08-24,2025-08-24T02:19:44Z,10,115569.86,Vente
2025-08-24,2025-08-24T05:35:41Z,10.77177,114971.99,Vente
2025-08-24,2025-08-24T10:46:06Z,10.39367,114871.67,Achat
2025-08-24,2025-08-24T14:16:34Z,11.38184,114528.73,Achat
2025-08-24,2025-08-24T15:07:00Z,10.70889,114781.46,Achat
2025-08-24,2025-08-24T15:22:40Z,10,114665.07,Achat
2025-08-24,2025-08-24T15:25:06Z,13.1145,114571.3,Achat
2025-08-24,2025-08-24T18:30:11Z,10.03743,114654.23,Achat
2025-08-24,2025-08-24T18:36:31Z,10,114902.91,Vente
2025-08-24,2025-08-24T19:31:03Z,13.33047,114716.7,Achat
2025-08-24,2025-08-24T19:36:11Z,14.26962,113000,Vente
2025-08-24,2025-08-24T19:45:29Z,11.49882,112951.03,Vente
2025-08-24,2025-08-24T19:45:53Z,12.0805,112760,Vente
2025-08-24,2025-08-24T22:55:10Z,13.31998,113399.18,Vente
2025-08-25,2025-08-25T00:14:10Z,10.65046,113474.3,Vente
2025-08-25,2025-08-25T03:16:14Z,10.21544,113552.17,Vente
2025-08-25,2025-08-25T04:31:07Z,11.82295,112707.63,Achat
2025-08-25,2025-08-25T07:33:45Z,16.10393,111785.71,Achat
2025-08-25,2025-08-25T10:03:12Z,11.13283,111790.01,Achat
2025-08-25,2025-08-25T10:19:07Z,20,111500,Vente
2025-08-25,2025-08-25T11:36:19Z,13.24309,111200,Achat
2025-08-25,2025-08-25T11:36:53Z,10.58474,111236.03,Achat
2025-08-25,2025-08-25T12:59:14Z,10.29462,111600,Vente
2025-08-25,2025-08-25T13:11:57Z,10,111449.43,Vente
2025-08-25,2025-08-25T13:41:41Z,10.63565,111000,Vente
2025-08-25,2025-08-25T14:17:55Z,17.85714,112000,Achat
2025-08-25,2025-08-25T14:19:12Z,13.24978,112128.76,Achat
2025-08-25,2025-08-25T14:42:18Z,10.74733,112115.99,Vente
2025-08-25,2025-08-25T19:59:43Z,10.24,110700,Vente
2025-08-25,2025-08-25T20:11:02Z,14.2817,110200,Vente
2025-08-25,2025-08-25T20:33:44Z,12.1429,110000,Vente
2025-08-25,2025-08-25T20:34:22Z,11.19712,109651.42,Achat
2025-08-25,2025-08-25T23:20:44Z,10.04031,110066.28,Achat
2025-08-26,2025-08-26T00:45:43Z,15.27302,109200,Vente
2025-08-26,2025-08-26T00:45:57Z,20,109000,Vente
2025-08-26,2025-08-26T06:06:16Z,10.80163,110183.31,Achat
2025-08-26,2025-08-26T09:12:00Z,11.72132,110311.47,Achat
2025-08-26,2025-08-26T11:32:57Z,13.19381,109692.72,Achat
2025-08-26,2025-08-26T11:38:19Z,11.75715,109647.99,Vente
2025-08-26,2025-08-26T12:59:35Z,12.09503,110200,Achat
2025-08-26,2025-08-26T15:33:44Z,11.44073,109955.46,Achat
2025-08-26,2025-08-26T15:57:34Z,11.42436,109700.01,Achat
2025-08-26,2025-08-26T16:01:29Z,10.18805,109686.83,Achat
2025-08-26,2025-08-26T16:45:02Z,11.11727,109821.53,Vente
2025-08-26,2025-08-26T17:11:30Z,10.49954,109833.51,Vente
2025-08-26,2025-08-26T20:00:43Z,14.90787,111055.05,Achat
2025-08-26,2025-08-26T20:39:28Z,12.40967,111256.29,Achat
2025-08-26,2025-08-26T22:31:44Z,12.17299,111688.69,Vente
2025-08-26,2025-08-26T23:10:02Z,10.77681,112290.01,Achat
2025-08-26,2025-08-26T23:15:26Z,10,112316.17,Vente
2025-08-27,2025-08-27T00:14:22Z,10.40452,111737,Vente
2025-08-27,2025-08-27T02:28:17Z,13.18745,111362.02,Achat
2025-08-27,2025-08-27T04:09:20Z,12.6384,111677.48,Achat
2025-08-27,2025-08-27T09:18:15Z,13.89321,110918.92,Achat
2025-08-27,2025-08-27T10:37:35Z,11.99249,111003.06,Achat
2025-08-27,2025-08-27T15:58:48Z,20,112000,Achat
2025-08-27,2025-08-27T15:59:37Z,20,112000,Achat
2025-08-27,2025-08-27T16:00:01Z,20,112000,Achat
2025-08-28,2025-08-28T00:55:35Z,10.44246,111261.55,Vente
2025-08-28,2025-08-28T04:38:22Z,14.87977,112500,Achat
2025-08-28,2025-08-28T05:04:35Z,20,113120,Achat
2025-08-28,2025-08-28T10:49:02Z,17.49395,112970,Vente
2025-08-28,2025-08-28T12:56:29Z,13.28698,113279.65,Achat
2025-08-28,2025-08-28T12:56:34Z,14.32578,113301.86,Achat
2025-08-28,2025-08-28T17:09:28Z,10.71359,112292.62,Vente
2025-08-28,2025-08-28T22:55:24Z,12.41923,112451.86,Vente
2025-08-28,2025-08-28T22:59:51Z,13.11324,112340.64,Achat
2025-08-29,2025-08-29T00:14:33Z,10.66988,112428.75,Achat
2025-08-29,2025-08-29T01:52:03Z,10,111517.8,Achat
2025-08-29,2025-08-29T05:03:43Z,20,111554.21,Vente
2025-08-29,2025-08-29T06:07:00Z,17.98737,111189.14,Achat
2025-08-29,2025-08-29T06:31:41Z,10.79968,111000,Vente
2025-08-29,2025-08-29T06:53:01Z,20,111254,Achat
2025-08-29,2025-08-29T07:56:19Z,15.768,110005.04,Vente
2025-08-29,2025-08-29T14:49:24Z,15.28017,108549.99,Vente
2025-08-29,2025-08-29T15:18:43Z,10.73841,108650.01,Achat
2025-08-29,2025-08-29T15:19:12Z,10.83168,108680.01,Achat
2025-08-29,2025-08-29T15:19:16Z,12.65303,108686.01,Achat
2025-08-29,2025-08-29T15:20:11Z,12.9697,108539.16,Achat
2025-08-29,2025-08-29T15:20:46Z,11.28427,108600.06,Achat
2025-08-29,2025-08-29T15:21:04Z,13.32752,108600,Achat
2025-08-29,2025-08-29T15:27:34Z,15.46847,108513.22,Achat
2025-08-29,2025-08-29T18:48:28Z,10.86426,108211.26,Vente
2025-08-29,2025-08-29T19:02:22Z,10.05804,108000,Vente
2025-08-29,2025-08-29T19:02:25Z,11.35,108000,Vente
2025-08-29,2025-08-29T20:11:28Z,10.81658,107871.99,Vente
2025-08-29,2025-08-29T20:12:54Z,18.53981,107875.97,Achat
2025-08-29,2025-08-29T20:13:43Z,14.24612,107875.96,Vente
2025-08-29,2025-08-29T20:44:47Z,18.58322,107624,Achat
2025-08-29,2025-08-29T21:26:56Z,10,107803.69,Vente
2025-08-30,2025-08-30T00:02:50Z,10,108275.14,Achat
2025-08-30,2025-08-30T00:17:50Z,10,108307,Achat
2025-08-30,2025-08-30T00:24:52Z,10.73558,108386.35,Achat
2025-08-30,2025-08-30T00:59:05Z,10.02878,108295.71,Vente
2025-08-30,2025-08-30T01:58:03Z,10,107650,Achat
2025-08-30,2025-08-30T02:02:15Z,10.0236,107600,Achat
2025-08-30,2025-08-30T02:26:01Z,10.0033,107629.88,Vente
2025-08-30,2025-08-30T02:45:24Z,10,107919.47,Vente
2025-08-30,2025-08-30T03:38:45Z,12.45438,108408.4,Achat
2025-08-30,2025-08-30T04:01:34Z,12.0056,108402.36,Achat
2025-08-30,2025-08-30T05:37:14Z,12.33942,108422.82,Vente
2025-08-30,2025-08-30T20:13:26Z,10,108724.01,Vente
2025-08-31,2025-08-31T00:04:32Z,10,108826.53,Vente
2025-08-31,2025-08-31T00:05:39Z,10,108826.48,Vente
2025-08-31,2025-08-31T00:05:44Z,10,108831.92,Vente
2025-08-31,2025-08-31T00:50:27Z,10,109195.17,Achat
2025-08-31,2025-08-31T02:15:50Z,14,109333.4,Achat
2025-08-31,2025-08-31T03:13:14Z,10,109324.01,Achat
2025-08-31,2025-08-31T04:47:17Z,13.71288,108816.33,Vente
2025-08-31,2025-08-31T06:20:21Z,10,108700,Vente
2025-08-31,2025-08-31T07:15:39Z,12.88649,108789.34,Vente
2025-08-31,2025-08-31T07:18:52Z,10,108730,Vente
2025-08-31,2025-08-31T08:16:42Z,13.17934,108834.57,Vente
2025-08-31,2025-08-31T10:56:17Z,10.94252,108561.55,Achat
2025-08-31,2025-08-31T11:04:53Z,10,108550,Vente
2025-08-31,2025-08-31T12:39:51Z,10,108446,Achat
2025-08-31,2025-08-31T12:57:04Z,10.29483,108325.84,Vente
2025-08-31,2025-08-31T14:02:28Z,10,108374,Vente
2025-08-31,2025-08-31T23:03:42Z,13.65221,108674.24,Vente
2025-08-31,2025-08-31T23:46:09Z,18.81568,108250,Achat
2025-09-01,2025-09-01T01:36:05Z,14.81438,108077.46,Achat
2025-09-01,2025-09-01T02:22:05Z,14.54996,107884.62,Vente
2025-09-01,2025-09-01T03:38:47Z,15.19894,107488,Achat
2025-09-01,2025-09-01T07:43:33Z,13.26794,108774.55,Achat
2025-09-01,2025-09-01T07:44:08Z,10.96498,108744.73,Achat
2025-09-01,2025-09-01T07:50:34Z,10.94908,109000,Achat
2025-09-01,2025-09-01T08:28:05Z,10,109493.99,Vente
2025-09-01,2025-09-01T10:29:59Z,10.80837,108859.99,Vente
2025-09-01,2025-09-01T12:10:10Z,20,108900,Vente
2025-09-01,2025-09-01T12:42:18Z,11.5614,109044.33,Vente
2025-09-01,2025-09-01T18:53:58Z,11.50678,109155.85,Achat
2025-09-01,2025-09-01T21:23:32Z,11.31829,108275,Vente
2025-09-02,2025-09-02T01:47:10Z,11.70502,109380,Achat
2025-09-02,2025-09-02T02:18:47Z,10.14543,109229.44,Vente
2025-09-02,2025-09-02T02:27:22Z,13.78385,109542.42,Vente
2025-09-02,2025-09-02T02:52:32Z,13.11965,109832.24,Achat
2025-09-02,2025-09-02T08:31:14Z,15.08676,110278.27,Achat
2025-09-02,2025-09-02T10:13:29Z,13.59269,110353.36,Achat
2025-09-02,2025-09-02T10:41:04Z,16.71659,110239.98,Achat
2025-09-02,2025-09-02T11:20:18Z,12.09034,110063.28,Vente
2025-09-02,2025-09-02T11:20:31Z,10.74313,110026.57,Vente
2025-09-02,2025-09-02T11:20:38Z,10.79066,110004.72,Vente
2025-09-02,2025-09-02T11:29:50Z,10,109875.55,Achat
2025-09-02,2025-09-02T13:29:05Z,10,109404.99,Vente
2025-09-02,2025-09-02T14:16:00Z,20,110870,Vente
2025-09-02,2025-09-02T14:23:15Z,12.26051,111248.01,Achat
2025-09-02,2025-09-02T14:23:22Z,20,111270,Vente
2025-09-02,2025-09-02T14:24:15Z,16.25182,111290,Vente
2025-09-02,2025-09-02T15:15:37Z,10.87829,111487.99,Vente
2025-09-02,2025-09-02T15:16:02Z,10,111454.01,Achat
2025-09-02,2025-09-02T15:16:11Z,10.6576,111409.11,Achat
2025-09-02,2025-09-02T16:09:22Z,15.16101,110891.99,Vente
2025-09-02,2025-09-02T16:26:15Z,12.32265,110730,Achat
2025-09-02,2025-09-02T16:26:31Z,10.04665,110737.96,Vente
2025-09-02,2025-09-02T16:27:33Z,16.25529,110590,Achat
2025-09-02,2025-09-02T16:30:14Z,10.97722,110540,Achat
2025-09-02,2025-09-02T17:38:02Z,18.02443,110790,Vente
2025-09-02,2025-09-02T17:39:44Z,12.31426,110701.59,Achat
2025-09-02,2025-09-02T17:40:21Z,10.26686,110784.01,Achat
2025-09-02,2025-09-02T19:21:47Z,14.34948,110644.02,Achat
2025-09-02,2025-09-02T20:17:09Z,14.46133,111254.86,Vente
2025-09-03,2025-09-03T00:00:39Z,20,111275.37,Vente
2025-09-03,2025-09-03T00:26:31Z,12.04731,111670,Vente
2025-09-03,2025-09-03T01:49:26Z,12.388,110965.98,Vente
2025-09-03,2025-09-03T02:35:12Z,17.70854,111257.25,Vente
2025-09-03,2025-09-03T06:09:18Z,12.27712,110573.75,Vente
2025-09-03,2025-09-03T06:09:55Z,13.31947,110609.99,Vente
2025-09-03,2025-09-03T06:10:10Z,20,110600,Achat
2025-09-03,2025-09-03T09:32:50Z,10.04,111110.09,Vente
2025-09-03,2025-09-03T09:50:13Z,17.5948,111186.76,Achat
2025-09-03,2025-09-03T10:15:58Z,14.03212,111328.31,Achat
2025-09-03,2025-09-03T11:12:28Z,12.767760000000001,111649.99,Vente
2025-09-03,2025-09-03T13:47:08Z,11.3485,111895.01,Achat
2025-09-03,2025-09-03T14:38:17Z,11.18927,111748.01,Achat
2025-09-03,2025-09-03T16:26:58Z,14.39651,112005.62,Vente
2025-09-03,2025-09-03T16:27:19Z,12.31456,111983.83,Vente
2025-09-03,2025-09-03T18:23:01Z,13.90155,112231.68,Vente
2025-09-04,2025-09-04T05:19:11Z,10,110739.92,Vente
2025-09-04,2025-09-04T08:19:27Z,10.15629,110639.15,Achat
2025-09-04,2025-09-04T08:31:01Z,10.81796,110812.24,Achat
2025-09-04,2025-09-04T14:12:12Z,10.83883,110000,Achat
2025-09-04,2025-09-04T20:52:43Z,13.95811,110339.77,Achat
2025-09-04,2025-09-04T20:52:55Z,15.18982,110351.07,Achat
2025-09-05,2025-09-05T04:35:52Z,10.932,111319.99,Vente
2025-09-05,2025-09-05T09:49:04Z,12.92416,112310.45,Achat
2025-09-05,2025-09-05T10:12:47Z,10,112247.24,Vente
2025-09-05,2025-09-05T12:32:50Z,10.10244,113100,Vente
2025-09-05,2025-09-05T13:04:37Z,10.60185,113107.01,Achat
2025-09-05,2025-09-05T13:04:38Z,11.66092,113102.03,Achat
2025-09-05,2025-09-05T13:51:46Z,20,113310,Vente
2025-09-05,2025-09-05T13:52:09Z,20,113240,Vente
2025-09-05,2025-09-05T13:53:06Z,20,113130,Vente
2025-09-05,2025-09-05T14:11:30Z,16.89928,112400,Achat
2025-09-05,2025-09-05T14:11:56Z,17.43192,112330,Achat
2025-09-05,2025-09-05T14:12:26Z,12.1073,112280,Achat
2025-09-05,2025-09-05T14:12:26Z,20,112280,Achat
2025-09-05,2025-09-05T14:13:00Z,11.00487,112190,Achat
2025-09-05,2025-09-05T14:13:15Z,17.24609,112250,Achat
2025-09-05,2025-09-05T14:26:34Z,12.72693,111000,Vente
2025-09-05,2025-09-05T14:34:08Z,10.20908,110923.81,Vente
2025-09-05,2025-09-05T15:01:42Z,10.22203,110387.3,Achat
2025-09-05,2025-09-05T15:01:56Z,18.12366,110353,Achat
2025-09-05,2025-09-05T15:03:00Z,12.27181,110300,Vente
2025-09-05,2025-09-05T15:04:40Z,10.68997,110450,Achat
2025-09-05,2025-09-05T15:16:46Z,10,110715.31,Achat
2025-09-05,2025-09-05T15:46:20Z,13.77343,110895.14,Vente
2025-09-05,2025-09-05T19:58:57Z,15.35201,111510.01,Achat
2025-09-05,2025-09-05T21:35:39Z,18.06554,110708,Achat
2025-09-06,2025-09-06T00:47:00Z,11.36124,110825.99,Vente
2025-09-06,2025-09-06T04:11:59Z,11.5275,110843.99,Vente
2025-09-06,2025-09-06T04:13:46Z,10,110860,Achat
2025-09-06,2025-09-06T09:16:33Z,10.95441,110739.48,Vente
2025-09-06,2025-09-06T11:33:58Z,12.3576,110688.52,Achat
2025-09-06,2025-09-06T21:58:57Z,10.01001,110175.18,Achat
2025-09-07,2025-09-07T00:00:42Z,10,110187.97,Achat
2025-09-07,2025-09-07T02:09:56Z,10,110505.66,Vente
2025-09-07,2025-09-07T03:00:53Z,12.88603,110674.01,Achat
2025-09-07,2025-09-07T07:37:47Z,10.94797,110819.96,Achat
2025-09-07,2025-09-07T13:27:00Z,10,111099.99,Vente
2025-09-07,2025-09-07T16:05:32Z,10,111353.51,Vente
2025-09-08,2025-09-08T04:44:04Z,11.22899,110975.36,Vente
2025-09-08,2025-09-08T05:57:38Z,10.95808,111044.4,Vente
2025-09-08,2025-09-08T07:28:30Z,10,111504.01,Achat
2025-09-08,2025-09-08T07:37:04Z,10.19708,111356.01,Achat
2025-09-08,2025-09-08T08:51:12Z,12.5944,111741.74,Vente
2025-09-08,2025-09-08T08:51:15Z,14.59261,111734.89,Vente
2025-09-08,2025-09-08T11:07:17Z,13.30907,111876.27,Vente
2025-09-08,2025-09-08T13:48:47Z,11.05486,112246.84,Vente
2025-09-08,2025-09-08T13:48:55Z,15.30642,112241.01,Achat
2025-09-08,2025-09-08T13:52:32Z,11.1321,112131.03,Achat
2025-09-08,2025-09-08T14:34:27Z,11.31048,112500,Achat
2025-09-08,2025-09-08T15:09:14Z,12.51057,112600.01,Achat
2025-09-08,2025-09-08T15:56:59Z,11.56789,112540,Achat
2025-09-08,2025-09-08T19:52:02Z,10,112087.55,Achat
2025-09-09,2025-09-09T06:55:40Z,10.93813,113114.01,Achat
2025-09-09,2025-09-09T07:46:05Z,10,112809.84,Vente
2025-09-09,2025-09-09T10:33:48Z,10.10085,112650,Achat
2025-09-09,2025-09-09T15:17:15Z,14.55168,111493.41,Achat
2025-09-09,2025-09-09T15:28:51Z,10.00513,111334.88,Vente
2025-09-09,2025-09-09T15:37:32Z,21.54271,111000,Vente
2025-09-09,2025-09-09T17:54:10Z,20,111030,Achat
2025-09-09,2025-09-09T17:56:15Z,18.01315,111030,Achat
2025-09-09,2025-09-09T18:04:35Z,13.46569,111061.75,Vente
2025-09-09,2025-09-09T20:01:07Z,12.50348,111280.3,Achat
2025-09-09,2025-09-09T20:09:03Z,11.8074,111282.79,Achat
2025-09-09,2025-09-09T20:36:09Z,16.18226,111111.72,Achat
2025-09-10,2025-09-10T05:16:28Z,10.18788,111477.64,Vente
2025-09-10,2025-09-10T07:23:29Z,12.30041,112002.62,Achat
2025-09-10,2025-09-10T07:35:54Z,10.92283,112152.01,Achat
2025-09-10,2025-09-10T09:22:24Z,15.3611,112288,Achat
2025-09-10,2025-09-10T10:05:07Z,16.25334,112277,Achat
2025-09-10,2025-09-10T12:30:05Z,13.83362,112888,Achat
2025-09-10,2025-09-10T12:33:26Z,10.2124,113374.01,Achat
2025-09-10,2025-09-10T13:52:35Z,13.56762,113966,Achat
2025-09-10,2025-09-10T15:55:31Z,10.18172,113929.36,Vente
2025-09-10,2025-09-10T15:56:17Z,10.19759,113880.01,Vente
2025-09-10,2025-09-10T16:17:20Z,10.66138,113751.34,Vente
2025-09-10,2025-09-10T21:06:47Z,13.48639,113750.97,Vente
2025-09-11,2025-09-11T01:47:37Z,10,113926.78,Vente
2025-09-11,2025-09-11T04:34:45Z,20,114100,Vente
2025-09-11,2025-09-11T05:08:05Z,10.5259,114139.24,Achat
2025-09-11,2025-09-11T05:28:31Z,15.11748,114025.78,Achat
2025-09-11,2025-09-11T05:41:20Z,12.53472,114294.65,Achat
2025-09-11,2025-09-11T05:41:28Z,20.69314,114326.2,Achat
2025-09-11,2025-09-11T06:08:23Z,12.62793,114114.14,Vente
2025-09-11,2025-09-11T06:57:02Z,13.65289,114388.01,Achat
2025-09-11,2025-09-11T07:06:40Z,10.78501,114017.76,Vente
2025-09-11,2025-09-11T08:45:07Z,10.81162,114109.66,Vente
2025-09-11,2025-09-11T09:26:03Z,10.73702,114010.01,Achat
2025-09-11,2025-09-11T09:42:17Z,10.89902,113879.01,Vente
2025-09-11,2025-09-11T12:10:13Z,10,114300.01,Achat
2025-09-11,2025-09-11T12:30:15Z,16.49146,113700,Vente
2025-09-11,2025-09-11T12:30:15Z,33.40637,113700,Vente
2025-09-11,2025-09-11T12:30:15Z,20,113700,Vente
2025-09-11,2025-09-11T12:30:15Z,12.69834,113650,Vente
2025-09-11,2025-09-11T13:13:35Z,11.83987,113500,Vente
2025-09-11,2025-09-11T13:33:13Z,13.16309,113954.64,Achat
2025-09-11,2025-09-11T14:35:28Z,10.7969,114476.72,Achat
2025-09-11,2025-09-11T17:19:49Z,10.94829,114371.53,Vente
2025-09-11,2025-09-11T22:40:13Z,10.13846,115150.01,Achat
2025-09-12,2025-09-12T00:31:19Z,11.94347,115803.56,Achat
2025-09-12,2025-09-12T00:33:20Z,10.45892,115842.39,Achat
2025-09-12,2025-09-12T00:42:18Z,11.07103,115929.04,Achat
2025-09-12,2025-09-12T02:27:44Z,12.16671,115532.22,Achat
2025-09-12,2025-09-12T02:53:09Z,30,115333.48,Achat
2025-09-12,2025-09-12T02:54:29Z,10.39899,115305.64,Vente
2025-09-12,2025-09-12T08:11:25Z,19.19297,115000,Achat
2025-09-12,2025-09-12T08:15:18Z,13.00019,115093.43,Vente
2025-09-12,2025-09-12T08:18:29Z,20,115000,Achat
2025-09-12,2025-09-12T09:17:31Z,18.91754,115102.17,Achat
2025-09-12,2025-09-12T14:27:27Z,12.3473,115253.53,Vente
2025-09-12,2025-09-12T16:47:08Z,10,115334.88,Vente
2025-09-12,2025-09-12T18:08:53Z,10,115957.41,Achat
2025-09-12,2025-09-12T22:49:47Z,11.59768,115991.29,Achat
2025-09-13,2025-09-13T00:03:40Z,14.53712,116118.51,Vente
2025-09-13,2025-09-13T02:07:28Z,10,115887.86,Vente
2025-09-13,2025-09-13T03:13:23Z,11.45658,116012.9,Vente
2025-09-13,2025-09-13T03:44:32Z,10.50413,115915.79,Vente
2025-09-13,2025-09-13T17:18:44Z,11.27397,115305.9,Vente
2025-09-14,2025-09-14T02:00:29Z,14.91933,115969.93,Vente
2025-09-14,2025-09-14T03:07:47Z,12.25662,115679.79,Achat
2025-09-14,2025-09-14T13:50:59Z,11.14023,115224.4,Achat
2025-09-14,2025-09-14T14:50:59Z,12.2388,115275.77,Vente
2025-09-14,2025-09-14T17:37:02Z,10,115600,Vente
2025-09-15,2025-09-15T00:06:13Z,10.61884,115159.02,Vente
2025-09-15,2025-09-15T00:34:56Z,10.27931,115166.77,Achat
2025-09-15,2025-09-15T01:26:29Z,13.57007,115163.17,Achat
2025-09-15,2025-09-15T05:02:42Z,10.3672,116051.86,Achat
2025-09-15,2025-09-15T08:55:12Z,11.2137,114800.01,Vente
2025-09-15,2025-09-15T14:39:42Z,10,114854.99,Vente
2025-09-15,2025-09-15T15:10:47Z,10,114515.01,Achat
2025-09-15,2025-09-15T22:34:10Z,12,115324.98,Vente
2025-09-16,2025-09-16T05:01:32Z,10.11759,115490.96,Vente
2025-09-16,2025-09-16T05:09:12Z,18.63637,115704.01,Achat
2025-09-16,2025-09-16T06:15:55Z,10.82881,116005.14,Vente
2025-09-16,2025-09-16T06:17:10Z,13.53863,115979.45,Vente
2025-09-16,2025-09-16T08:28:18Z,10.5284,115763.25,Vente
2025-09-16,2025-09-16T13:39:47Z,12.69324,115205,Vente
2025-09-16,2025-09-16T13:39:54Z,12.7938,115168.72,Vente
2025-09-16,2025-09-16T16:00:27Z,10.20029,115977.59,Vente
2025-09-16,2025-09-16T16:04:56Z,11,115863.74,Achat
2025-09-16,2025-09-16T17:14:31Z,17.6761,116523.28,Achat
2025-09-16,2025-09-16T19:44:52Z,10,116589.99,Vente
2025-09-16,2025-09-16T23:16:59Z,10.37532,116900,Achat
2025-09-17,2025-09-17T02:31:24Z,12.05871,116800,Achat
2025-09-17,2025-09-17T02:52:39Z,10.43338,117000,Achat
2025-09-17,2025-09-17T05:40:41Z,15.00486,116676.69,Achat
2025-09-17,2025-09-17T07:22:32Z,10.392760000000001,117254.4,Achat
2025-09-17,2025-09-17T14:30:32Z,17.32082,115468,Achat
2025-09-17,2025-09-17T14:30:58Z,17.30538,115571,Achat
2025-09-17,2025-09-17T15:36:32Z,10.88173,115760.01,Achat
2025-09-17,2025-09-17T16:36:24Z,10.5365,115562.61,Achat
2025-09-17,2025-09-17T16:47:36Z,10,115409,Vente
2025-09-17,2025-09-17T23:42:26Z,10.92628,116380.64,Vente
2025-09-18,2025-09-18T12:35:29Z,11.41847,117097.09,Vente
2025-09-18,2025-09-18T14:07:24Z,20.54677,117572.7,Achat
2025-09-18,2025-09-18T14:38:59Z,17.76446,117618.93,Achat
2025-09-18,2025-09-18T15:17:26Z,10.63399,117438.22,Vente
2025-09-18,2025-09-18T15:41:46Z,10,117437.7,Achat
2025-09-18,2025-09-18T15:42:04Z,10,117445.82,Achat
2025-09-18,2025-09-18T15:42:08Z,10,117431.37,Achat
2025-09-18,2025-09-18T15:42:27Z,10,117426.85,Achat
2025-09-18,2025-09-18T16:00:35Z,10,117617.3,Vente
2025-09-18,2025-09-18T16:34:18Z,12.93295,117618.58,Achat
2025-09-18,2025-09-18T16:39:24Z,18.20575,117661.23,Achat
2025-09-18,2025-09-18T17:24:35Z,15.86559,117601,Achat
2025-09-18,2025-09-18T17:56:53Z,11,117548,Vente
2025-09-18,2025-09-18T17:58:29Z,12.14303,117516.1,Achat
2025-09-18,2025-09-18T18:32:06Z,12.168,117783.49,Achat
2025-09-19,2025-09-19T02:24:31Z,11.14892,117067.6,Achat
2025-09-19,2025-09-19T02:51:58Z,10,117127.64,Achat
2025-09-19,2025-09-19T05:30:43Z,14.45088,116788.6,Achat
2025-09-19,2025-09-19T12:51:44Z,13.55656,116154.74,Achat
2025-09-19,2025-09-19T14:42:20Z,11.27236,116225.18,Vente
2025-09-19,2025-09-19T23:56:08Z,10.82012,115606.36,Achat
2025-09-20,2025-09-20T04:52:04Z,10.04394,115545.95,Achat
2025-09-20,2025-09-20T06:04:42Z,10.45537,115670.44,Achat
2025-09-20,2025-09-20T17:12:05Z,10,115993.97,Achat
2025-09-21,2025-09-21T01:16:30Z,13.07363,115588.49,Achat
2025-09-22,2025-09-22T01:29:13Z,13.95896,114632,Achat
2025-09-22,2025-09-22T02:09:41Z,11.53086,114514.97,Achat
2025-09-22,2025-09-22T06:00:16Z,14.85,113500,Vente
2025-09-22,2025-09-22T06:34:28Z,24.2103,112680,Achat
2025-09-22,2025-09-22T06:35:00Z,20,112680,Achat
2025-09-22,2025-09-22T08:22:14Z,14.61612,112656.01,Achat
2025-09-22,2025-09-22T09:33:32Z,20,112250,Achat
2025-09-22,2025-09-22T09:33:34Z,20,112250,Achat
2025-09-22,2025-09-22T09:33:49Z,20,112250,Achat
2025-09-22,2025-09-22T09:47:22Z,20,112250,Achat
2025-09-22,2025-09-22T09:47:25Z,12.88157,112250,Achat
2025-09-22,2025-09-22T11:05:05Z,11.56608,112850.73,Vente
2025-09-22,2025-09-22T11:18:06Z,12.36606,112838.11,Vente
2025-09-22,2025-09-22T17:23:04Z,10.92491,112478.77,Achat
2025-09-23,2025-09-23T02:52:38Z,12.2353,111982.49,Achat
2025-09-23,2025-09-23T04:59:58Z,10.26987,112440.03,Achat
2025-09-23,2025-09-23T06:32:31Z,13.14327,112934.48,Achat
2025-09-23,2025-09-23T07:24:38Z,11.71266,113024.62,Achat
2025-09-23,2025-09-23T13:38:35Z,10,112919.98,Vente
2025-09-24,2025-09-24T00:24:48Z,10.31867,112319.23,Achat
2025-09-24,2025-09-24T03:52:23Z,12.26168,111734.79,Achat
2025-09-24,2025-09-24T04:11:53Z,12.84745,111111,Vente
2025-09-24,2025-09-24T04:11:57Z,17.5171,111094.6,Achat
2025-09-24,2025-09-24T06:30:39Z,12.19096,112629.76,Vente
2025-09-24,2025-09-24T14:16:08Z,10,113157.47,Vente
2025-09-24,2025-09-24T14:38:19Z,13.65625,113217.44,Achat
2025-09-24,2025-09-24T14:43:32Z,11.72456,113350,Achat
2025-09-24,2025-09-24T17:43:47Z,15.73963,113850.01,Achat
2025-09-25,2025-09-25T03:44:01Z,11.46543,112441.65,Achat
2025-09-25,2025-09-25T07:51:48Z,10.40014,111790.51,Achat
2025-09-25,2025-09-25T09:27:35Z,10.31644,112246.45,Vente
2025-09-25,2025-09-25T10:56:24Z,16.78398,111663.61,Achat
2025-09-25,2025-09-25T12:20:48Z,10.74762,111500.01,Achat
2025-09-25,2025-09-25T13:04:01Z,37.27346,111000,Vente
2025-09-25,2025-09-25T13:13:42Z,10.07937,111040.82,Achat
2025-09-25,2025-09-25T13:15:01Z,13.34239,111300,Vente
2025-09-25,2025-09-25T17:15:05Z,17.5411,110207.79,Achat
2025-09-25,2025-09-25T17:20:31Z,12.36469,110066,Vente
2025-09-25,2025-09-25T17:20:32Z,19.00433,110066,Vente
2025-09-25,2025-09-25T17:21:31Z,10.24,110000,Vente
2025-09-25,2025-09-25T17:21:31Z,17.28,110000,Vente
2025-09-25,2025-09-25T17:21:31Z,17.6,110000,Vente
2025-09-25,2025-09-25T17:21:32Z,10.08,110000,Vente
2025-09-25,2025-09-25T23:51:31Z,11.0889,108956.17,Vente
2025-09-26,2025-09-26T00:06:52Z,10.60422,109231.67,Achat
2025-09-26,2025-09-26T00:13:44Z,10,109333.48,Achat
2025-09-26,2025-09-26T00:54:17Z,10,109455.11,Vente
2025-09-26,2025-09-26T01:14:52Z,10.94933,109618.53,Achat
2025-09-26,2025-09-26T02:17:17Z,18.60401,109739.99,Vente
2025-09-26,2025-09-26T02:17:51Z,11.71525,109775.87,Vente
2025-09-26,2025-09-26T02:21:57Z,10.63443,109767.48,Vente
2025-09-26,2025-09-26T02:35:08Z,13.29272,109610.33,Achat
2025-09-26,2025-09-26T02:48:42Z,11.97954,109692.91,Achat
2025-09-26,2025-09-26T02:51:36Z,10.14964,109749.99,Vente
2025-09-26,2025-09-26T06:18:46Z,15.47406,109498.91,Vente
2025-09-26,2025-09-26T07:46:37Z,10,109026.87,Achat
2025-09-26,2025-09-26T09:45:29Z,12.01235,109417.9,Vente
2025-09-26,2025-09-26T12:23:49Z,11.12031,108831.94,Vente
2025-09-26,2025-09-26T13:39:45Z,18.24934,109593,Achat
2025-09-26,2025-09-26T14:13:57Z,12.88056,109265.77,Achat
2025-09-26,2025-09-26T18:26:21Z,10,110284.4,Achat
2025-09-27,2025-09-27T02:53:46Z,11.80562,109384.8,Achat
2025-09-27,2025-09-27T04:15:53Z,10.88084,109514.64,Achat
2025-09-27,2025-09-27T13:09:29Z,13.95999,109346.05,Achat
2025-09-28,2025-09-28T00:54:55Z,10.40802,109639.99,Vente
2025-09-28,2025-09-28T05:11:09Z,11.73135,109356.43,Achat
2025-09-28,2025-09-28T06:47:12Z,10.11749,109416.69,Achat
2025-09-28,2025-09-28T07:59:03Z,13.39868,109513.04,Achat
2025-09-28,2025-09-28T08:30:33Z,13.96184,109533.1,Vente
2025-09-28,2025-09-28T12:43:27Z,10.41661,109319.06,Vente
2025-09-28,2025-09-28T13:18:20Z,10,109399.57,Vente
2025-09-28,2025-09-28T17:01:13Z,10,110241.73,Achat
2025-09-28,2025-09-28T20:25:31Z,12.00116,110602.48,Achat
2025-09-28,2025-09-28T23:30:25Z,15.32109,112149.68,Achat
2025-09-29,2025-09-29T01:46:30Z,20,111985,Vente
2025-09-29,2025-09-29T01:46:34Z,20,111985,Vente
2025-09-29,2025-09-29T01:48:29Z,20,111900,Vente
2025-09-29,2025-09-29T01:48:56Z,17.11921,111900,Vente
2025-09-29,2025-09-29T02:23:08Z,13.22604,111883.74,Vente
2025-09-29,2025-09-29T04:41:37Z,13.05918,111881.15,Achat
2025-09-29,2025-09-29T07:15:22Z,14.62058,111664.5,Achat
2025-09-29,2025-09-29T07:16:18Z,20.54699,111609.94,Achat
2025-09-29,2025-09-29T07:16:41Z,19.00666,111580.01,Achat
2025-09-29,2025-09-29T07:32:19Z,10,111688.29,Achat
2025-09-29,2025-09-29T07:33:07Z,12.84981,111641.88,Achat
2025-09-29,2025-09-29T12:21:50Z,11.30155,112222.78,Achat
2025-09-29,2025-09-29T12:21:59Z,10,112259.6,Vente
2025-09-29,2025-09-29T14:09:43Z,24.18064,113500,Achat
2025-09-29,2025-09-29T14:50:57Z,10.08037,114200,Vente
2025-09-29,2025-09-29T15:24:15Z,13.86146,113921.38,Achat
2025-09-29,2025-09-29T20:55:48Z,13.83765,114302.5,Achat
2025-09-30,2025-09-30T00:10:09Z,10,114375.58,Vente
2025-09-30,2025-09-30T01:43:51Z,10.49535,114436.64,Vente
2025-09-30,2025-09-30T02:22:50Z,10,114440.34,Achat
2025-09-30,2025-09-30T04:41:53Z,12.01474,114200.11,Achat
2025-09-30,2025-09-30T07:54:48Z,14.89798,113719.91,Achat
2025-09-30,2025-09-30T08:06:36Z,14.08583,113636.29,Achat
2025-09-30,2025-09-30T10:57:11Z,14.16507,112968.31,Achat
2025-09-30,2025-09-30T13:20:47Z,10.08372,113224.16,Achat
2025-09-30,2025-09-30T17:38:12Z,13.37861,113313.98,Vente
2025-09-30,2025-09-30T17:39:12Z,10.48423,113367.57,Vente
2025-09-30,2025-09-30T17:39:42Z,11.87604,113421.99,Vente
2025-09-30,2025-09-30T17:40:12Z,12.27234,113414.99,Vente
2025-09-30,2025-09-30T19:19:20Z,10,113811.9,Achat
2025-10-01,2025-10-01T01:44:51Z,28.87546,114407.4,Achat
2025-10-01,2025-10-01T02:40:01Z,11.39775,114433.68,Vente
2025-10-01,2025-10-01T08:16:16Z,10,114571.01,Achat
2025-10-01,2025-10-01T08:16:28Z,18.08025,114571.02,Achat
2025-10-01,2025-10-01T08:17:34Z,10.83626,114560.01,Achat
2025-10-01,2025-10-01T08:17:40Z,15.1397,114570.91,Achat
2025-10-01,2025-10-01T08:21:18Z,10,114768.01,Achat
2025-10-01,2025-10-01T08:49:29Z,18.30772,116000,Achat
2025-10-01,2025-10-01T09:36:35Z,10,116329.99,Vente
2025-10-01,2025-10-01T10:28:53Z,17.85193,116271.05,Achat
2025-10-01,2025-10-01T11:58:58Z,10,116737.1,Achat
2025-10-01,2025-10-01T13:39:45Z,13.84775,116569.99,Vente
2025-10-01,2025-10-01T13:58:34Z,10,116745.18,Achat
2025-10-01,2025-10-01T14:18:46Z,10.33347,117321.02,Vente
2025-10-01,2025-10-01T14:46:52Z,14.6317,117250,Vente
2025-10-01,2025-10-01T15:13:15Z,10,117146.68,Vente
2025-10-01,2025-10-01T16:33:00Z,11.74638,117818.24,Vente
2025-10-01,2025-10-01T17:58:12Z,10,116824.81,Achat
2025-10-01,2025-10-01T22:07:52Z,20,117900,Achat
2025-10-02,2025-10-02T00:02:46Z,12.3994,119000,Achat
2025-10-02,2025-10-02T01:46:53Z,11.01303,118778.11,Achat
2025-10-02,2025-10-02T02:01:12Z,10.08586,118573.9,Achat
2025-10-02,2025-10-02T03:09:26Z,10.6871,118862.79,Achat
2025-10-02,2025-10-02T05:47:36Z,12.1949,118460.74,Achat
2025-10-02,2025-10-02T07:08:44Z,12.84798,118550.01,Achat
2025-10-02,2025-10-02T09:25:14Z,12.25331,118650,Achat
2025-10-02,2025-10-02T11:57:21Z,10.53534,118718.11,Achat
2025-10-02,2025-10-02T13:05:51Z,13.52923,119262.96,Achat
2025-10-02,2025-10-02T13:15:21Z,15.53613,119121.66,Achat
2025-10-02,2025-10-02T13:44:44Z,11.17192,119500,Achat
2025-10-02,2025-10-02T14:40:27Z,14.89853,119336.49,Achat
2025-10-02,2025-10-02T15:05:01Z,10.48207,118600,Achat
2025-10-02,2025-10-02T15:24:52Z,17.5842,119415,Achat
2025-10-02,2025-10-02T15:24:59Z,10.88746,119403.43,Achat
2025-10-02,2025-10-02T16:11:10Z,16.65781,120000,Achat
2025-10-02,2025-10-02T16:11:10Z,13.24616,120000,Achat
2025-10-02,2025-10-02T18:36:07Z,10.22951,120081.6,Vente
2025-10-02,2025-10-02T20:03:13Z,13.07853,120759.14,Vente
2025-10-02,2025-10-02T20:39:19Z,14.2009,120461.42,Achat
2025-10-02,2025-10-02T23:58:21Z,10.03998,120600,Achat
2025-10-03,2025-10-03T00:01:00Z,13.85224,120350,Achat
2025-10-03,2025-10-03T00:01:30Z,11.10261,120300,Achat
2025-10-03,2025-10-03T03:36:52Z,10,120330.53,Achat
2025-10-03,2025-10-03T09:21:40Z,16.66111,120040,Achat
2025-10-03,2025-10-03T11:41:47Z,10,120306.88,Achat
2025-10-03,2025-10-03T11:43:46Z,11.40975,120347.62,Vente
2025-10-03,2025-10-03T15:18:00Z,13.63335,121000,Achat
2025-10-03,2025-10-03T15:36:40Z,16.25764,121712.64,Achat
2025-10-03,2025-10-03T15:41:08Z,11.60485,121761.83,Vente
2025-10-03,2025-10-03T15:48:07Z,15.7303,121739,Vente
2025-10-03,2025-10-03T16:02:16Z,11.03026,122811.24,Vente
2025-10-03,2025-10-03T16:08:29Z,13.69522,122812.26,Vente
2025-10-03,2025-10-03T16:11:10Z,12.7475,123000,Achat
2025-10-03,2025-10-03T16:23:43Z,10,123360.72,Vente
2025-10-03,2025-10-03T16:28:37Z,17.89254,123789,Achat
2025-10-03,2025-10-03T16:40:36Z,11.25011,123769.61,Vente
2025-10-04,2025-10-04T00:51:39Z,11.91912,122041.61,Achat
2025-10-04,2025-10-04T08:17:18Z,11.9635,122362.84,Achat
2025-10-04,2025-10-04T08:17:49Z,13.26598,122405.08,Achat
2025-10-04,2025-10-04T08:18:11Z,14.0275,122379.01,Achat
2025-10-04,2025-10-04T08:20:29Z,13.79113,122474.82,Vente
2025-10-04,2025-10-04T08:21:22Z,10.74991,122484.04,Vente
2025-10-04,2025-10-04T10:48:07Z,11.16912,122186.04,Achat
2025-10-04,2025-10-04T11:05:19Z,13.51955,122148.34,Achat
2025-10-04,2025-10-04T12:56:55Z,11.24349,122012.44,Achat
2025-10-04,2025-10-04T13:17:05Z,11.93864,122394.51,Achat
2025-10-04,2025-10-04T15:30:32Z,10,121755,Achat
2025-10-04,2025-10-04T16:01:52Z,11.67653,121865.52,Achat
2025-10-05,2025-10-05T01:24:11Z,10.60654,122216.41,Achat
2025-10-05,2025-10-05T01:24:23Z,12.26362,122258.44,Achat
2025-10-05,2025-10-05T02:27:51Z,15.25893,122624.11,Achat
2025-10-05,2025-10-05T02:34:20Z,10.49327,124000,Achat
2025-10-05,2025-10-05T02:34:21Z,12.66881,124000,Achat
2025-10-05,2025-10-05T02:49:10Z,10.00267,123727.62,Achat
2025-10-05,2025-10-05T04:46:52Z,11.4833,125000,Achat
2025-10-05,2025-10-05T04:47:20Z,14.91709,125000,Achat
2025-10-05,2025-10-05T04:47:21Z,16,125000,Achat
2025-10-05,2025-10-05T04:48:56Z,13.2441,125500,Achat
2025-10-05,2025-10-05T07:16:52Z,12.35539,125049,Vente
2025-10-05,2025-10-05T07:16:52Z,10.20195,125049,Vente
2025-10-05,2025-10-05T10:54:14Z,11.24991,122950.01,Achat
2025-10-05,2025-10-05T12:21:17Z,14.57011,123214.51,Achat
2025-10-05,2025-10-05T13:21:06Z,10,123238.01,Achat
2025-10-05,2025-10-05T13:22:07Z,18.04647,123231.35,Achat
2025-10-05,2025-10-05T14:23:55Z,18.10605,123144.32,Achat
2025-10-05,2025-10-05T14:35:22Z,20,123070.93,Achat
2025-10-05,2025-10-05T16:08:47Z,11.58149,122976.32,Achat
2025-10-05,2025-10-05T16:25:30Z,21.94291,122975.67,Vente
2025-10-05,2025-10-05T23:33:49Z,14.43496,123511.08,Achat
2025-10-06,2025-10-06T02:45:55Z,10.23113,123896.97,Vente
2025-10-06,2025-10-06T04:46:16Z,10,123696.26,Achat
2025-10-06,2025-10-06T05:58:34Z,15.96409,123581.27,Achat
2025-10-06,2025-10-06T10:21:07Z,12.22054,124000,Achat
2025-10-06,2025-10-06T12:04:01Z,10.90489,124408.69,Achat
2025-10-06,2025-10-06T12:20:59Z,10,124619.39,Vente
2025-10-06,2025-10-06T12:31:29Z,10,124397.8,Vente
2025-10-06,2025-10-06T12:53:29Z,10.19977,124512.6,Achat
2025-10-06,2025-10-06T13:44:26Z,10.56485,124503.59,Achat
2025-10-06,2025-10-06T14:10:44Z,11.48266,125268.01,Achat
2025-10-06,2025-10-06T14:50:31Z,10.63606,124735.88,Vente
2025-10-06,2025-10-06T17:10:25Z,13.22458,125600,Achat
2025-10-06,2025-10-06T17:10:30Z,15.24124,125610.01,Achat
2025-10-06,2025-10-06T17:11:37Z,10,125583.53,Achat
2025-10-06,2025-10-06T18:02:41Z,11.68466,125176.29,Vente
2025-10-06,2025-10-06T18:14:04Z,10.23538,125260.01,Vente
2025-10-06,2025-10-06T18:33:33Z,11.1048,125350,Vente
2025-10-06,2025-10-06T18:51:48Z,10.98523,125900,Achat
2025-10-06,2025-10-06T18:56:41Z,11.20118,126000,Achat
2025-10-06,2025-10-06T18:56:42Z,13.1223,126000,Achat
2025-10-06,2025-10-06T20:59:04Z,14.74518,125236.5,Vente
2025-10-07,2025-10-07T04:06:05Z,12.9237,124200,Vente
2025-10-07,2025-10-07T06:45:57Z,13.66541,123872,Achat
2025-10-07,2025-10-07T08:11:51Z,18.98546,123500,Vente
2025-10-07,2025-10-07T09:03:54Z,11.40513,123963.01,Achat
2025-10-07,2025-10-07T12:16:36Z,10.98786,124400.01,Achat
2025-10-07,2025-10-07T12:25:25Z,12.39605,124403.85,Vente
2025-10-07,2025-10-07T12:40:06Z,10.46609,124572.5,Achat
2025-10-07,2025-10-07T12:41:44Z,12.56192,124543.58,Achat
2025-10-07,2025-10-07T12:56:12Z,11.7581,125050,Achat
2025-10-07,2025-10-07T13:05:30Z,11.105,124739.93,Achat
2025-10-07,2025-10-07T13:30:09Z,14.75836,124795.41,Achat
2025-10-07,2025-10-07T13:45:46Z,10.03262,123330,Vente
2025-10-07,2025-10-07T15:38:48Z,13.89558,121500,Vente
2025-10-07,2025-10-07T16:52:47Z,12.68924,122001.06,Vente
2025-10-07,2025-10-07T17:16:13Z,10,121510.93,Vente
2025-10-07,2025-10-07T18:26:42Z,15.64234,120737.4,Achat
2025-10-08,2025-10-08T01:30:58Z,20,121800,Achat
2025-10-08,2025-10-08T02:27:55Z,13.83767,122201.91,Achat
2025-10-08,2025-10-08T02:29:00Z,14.39932,122201.9,Vente
2025-10-08,2025-10-08T04:36:03Z,12.19035,121745.66,Achat
2025-10-08,2025-10-08T04:36:46Z,14.24717,121763.41,Vente
2025-10-08,2025-10-08T05:10:13Z,13.72174,121789.6,Achat
2025-10-08,2025-10-08T05:15:45Z,13.08758,121748.23,Achat
2025-10-08,2025-10-08T05:17:56Z,19.66976,121627.53,Vente
2025-10-08,2025-10-08T05:20:08Z,20,121533,Vente
2025-10-08,2025-10-08T06:06:24Z,11.83819,121109.36,Vente
2025-10-08,2025-10-08T06:06:31Z,11.11027,121123.67,Vente
2025-10-08,2025-10-08T07:07:04Z,11.89963,121718.62,Achat
2025-10-08,2025-10-08T07:07:19Z,13.27716,121704.29,Achat
2025-10-08,2025-10-08T08:22:32Z,10.055,121902.4,Vente
2025-10-08,2025-10-08T08:27:32Z,20,121869.4,Vente
2025-10-08,2025-10-08T09:30:15Z,11.22309,122531.86,Achat
2025-10-08,2025-10-08T10:41:25Z,12.30978,123000,Achat
2025-10-08,2025-10-08T10:43:00Z,20,123000,Vente
2025-10-08,2025-10-08T10:43:02Z,19.29653,123000,Vente
2025-10-08,2025-10-08T10:45:53Z,20,122950,Vente
2025-10-08,2025-10-08T11:19:57Z,11.50247,122967.65,Vente
2025-10-08,2025-10-08T11:20:29Z,13.89403,122972.62,Vente
2025-10-08,2025-10-08T11:28:07Z,15.9628,123150,Vente
2025-10-08,2025-10-08T16:35:11Z,14.2714,122663.83,Vente
2025-10-08,2025-10-08T16:56:36Z,10.04289,123039.87,Vente
2025-10-08,2025-10-08T20:45:57Z,12.69152,123359.99,Achat
2025-10-08,2025-10-08T20:45:57Z,25.19072,123360,Achat
2025-10-09,2025-10-09T00:52:47Z,13.18706,123035.58,Vente
2025-10-09,2025-10-09T01:44:07Z,10.16936,122399.47,Vente
2025-10-09,2025-10-09T01:53:10Z,11.71506,122426.48,Achat
2025-10-09,2025-10-09T03:19:54Z,10.90324,121941.79,Vente
2025-10-09,2025-10-09T12:37:09Z,11.54484,123074.36,Achat
2025-10-09,2025-10-09T13:48:39Z,10.64816,122775.01,Achat
2025-10-09,2025-10-09T14:36:14Z,10.87857,121400,Vente
2025-10-09,2025-10-09T14:47:21Z,16.1518,121031.99,Achat
2025-10-09,2025-10-09T15:45:27Z,10.00962,120700,Achat
2025-10-09,2025-10-09T16:50:17Z,10.8342,120600,Achat
2025-10-09,2025-10-09T18:34:31Z,10.36018,120469.3,Achat
2025-10-09,2025-10-09T20:03:37Z,12.85878,121080.18,Achat
2025-10-09,2025-10-09T20:03:59Z,11.29024,121120.16,Achat
2025-10-09,2025-10-09T22:47:32Z,20,121735,Achat
2025-10-10,2025-10-10T03:27:00Z,10,121325.34,Vente
2025-10-10,2025-10-10T07:05:19Z,11.94548,121289.54,Vente
2025-10-10,2025-10-10T09:46:52Z,11.73192,121667.37,Achat
2025-10-10,2025-10-10T14:59:20Z,13.83271,120500,Vente
2025-10-10,2025-10-10T15:04:21Z,20,120000,Vente
2025-10-10,2025-10-10T15:34:43Z,10,118500,Vente
2025-10-10,2025-10-10T16:56:21Z,10,118354.72,Vente
2025-10-10,2025-10-10T16:57:44Z,12.298,118308,Vente
2025-10-10,2025-10-10T18:00:36Z,10,117598.26,Vente
2025-10-10,2025-10-10T18:19:39Z,14.60978,117552.8,Vente
2025-10-10,2025-10-10T21:05:19Z,12.5638,114951,Vente
2025-10-10,2025-10-10T21:13:02Z,10.45241,113000,Vente
2025-10-10,2025-10-10T21:13:10Z,10,112015,Vente
2025-10-10,2025-10-10T21:13:32Z,10,110000.01,Vente
2025-10-10,2025-10-10T21:14:06Z,12.02464,111610.36,Achat
2025-10-10,2025-10-10T21:17:34Z,18.32025,108000,Vente
2025-10-10,2025-10-10T21:17:46Z,10,107000,Vente
2025-10-10,2025-10-10T21:44:33Z,10.66799,111000,Vente
2025-10-10,2025-10-10T21:46:30Z,13.38658,112540,Vente
2025-10-10,2025-10-10T21:48:02Z,22.10647,112700.71,Vente
2025-10-10,2025-10-10T21:50:21Z,21.08036,112500,Vente
2025-10-10,2025-10-10T21:52:41Z,11.9874,113190,Achat
2025-10-10,2025-10-10T21:53:08Z,16.287,112954,Achat
2025-10-10,2025-10-10T21:53:50Z,20.36265,112969,Achat
2025-10-10,2025-10-10T21:58:11Z,13.20388,113000,Vente
2025-10-10,2025-10-10T22:02:20Z,11.77523,113169.78,Achat
2025-10-10,2025-10-10T22:05:49Z,11.74284,112500,Vente
2025-10-10,2025-10-10T22:05:55Z,10.18363,110880,Achat
2025-10-10,2025-10-10T22:07:19Z,10.64403,112000,Achat
2025-10-10,2025-10-10T22:13:11Z,16.10695,113411.99,Achat
2025-10-10,2025-10-10T22:18:41Z,18.06088,113139.3,Vente
2025-10-10,2025-10-10T23:19:20Z,15.93474,113000,Vente
2025-10-10,2025-10-10T23:30:18Z,20,113850,Achat
2025-10-10,2025-10-10T23:32:46Z,18.81595,113856.03,Vente
2025-10-10,2025-10-10T23:59:09Z,10.6425,112800,Achat
2025-10-11,2025-10-11T00:16:48Z,11.0923,112000,Vente
2025-10-11,2025-10-11T00:16:48Z,15.03275,112000,Vente
2025-10-11,2025-10-11T01:26:18Z,14.15005,111406,Achat
2025-10-11,2025-10-11T01:28:58Z,10,111241.83,Vente
2025-10-11,2025-10-11T02:22:15Z,10,112192.83,Vente
2025-10-11,2025-10-11T03:54:14Z,27.7643,112000,Achat
2025-10-11,2025-10-11T06:51:33Z,13.05941,112100,Vente
2025-10-11,2025-10-11T06:52:56Z,16.80423,112040,Vente
2025-10-11,2025-10-11T07:21:20Z,12.0316,111000,Vente
2025-10-11,2025-10-11T09:29:16Z,11.90373,111776.53,Vente
2025-10-11,2025-10-11T09:43:14Z,11.03986,111826.23,Achat
2025-10-11,2025-10-11T10:21:27Z,10.13073,112000,Achat
2025-10-11,2025-10-11T11:12:24Z,17.90891,112046,Vente
2025-10-11,2025-10-11T12:02:11Z,13.43452,112224.01,Achat
2025-10-11,2025-10-11T12:42:05Z,10,112278.97,Vente
2025-10-11,2025-10-11T12:47:47Z,20,112200,Vente
2025-10-11,2025-10-11T12:47:47Z,10.40702,112200,Vente
2025-10-11,2025-10-11T13:48:29Z,10,112280,Vente
2025-10-11,2025-10-11T13:48:44Z,10,112296.89,Vente
2025-10-11,2025-10-11T16:20:54Z,10.43371,111960.57,Achat
2025-10-11,2025-10-11T23:53:01Z,10,110820,Vente
2025-10-12,2025-10-12T01:21:36Z,10,109800,Achat
2025-10-12,2025-10-12T01:22:48Z,10,109800,Achat
2025-10-12,2025-10-12T04:38:01Z,10,111200,Vente
2025-10-12,2025-10-12T07:20:24Z,26.86968,111650,Achat
2025-10-12,2025-10-12T07:21:00Z,10.68309,111700.01,Achat
2025-10-12,2025-10-12T09:46:22Z,10,111715.95,Achat
2025-10-12,2025-10-12T09:48:59Z,11.6235,111615.51,Achat
2025-10-12,2025-10-12T11:28:11Z,14.26611,111659.65,Achat
2025-10-12,2025-10-12T12:16:18Z,10.72202,111994.28,Vente
2025-10-12,2025-10-12T12:19:24Z,20.6,112024.04,Achat
2025-10-12,2025-10-12T12:20:03Z,10,112030.76,Achat
2025-10-12,2025-10-12T12:25:01Z,10.00977,112085.79,Achat
2025-10-12,2025-10-12T12:38:50Z,13.17053,111763.81,Vente
2025-10-12,2025-10-12T13:33:22Z,10,111470,Vente
2025-10-12,2025-10-12T13:39:31Z,11.52594,111690,Vente
2025-10-12,2025-10-12T13:39:31Z,12.55401,111690,Vente
2025-10-12,2025-10-12T13:39:31Z,16.56344,111680,Vente
2025-10-12,2025-10-12T13:44:03Z,20.87408,111790.01,Achat
2025-10-12,2025-10-12T13:49:58Z,10,111400.26,Vente
2025-10-12,2025-10-12T14:45:19Z,10,111400,Achat
2025-10-12,2025-10-12T14:46:01Z,10.08,111420,Achat
2025-10-12,2025-10-12T14:46:02Z,10,111430,Achat
2025-10-12,2025-10-12T14:46:22Z,10,111440,Achat
2025-10-12,2025-10-12T14:47:52Z,10,112000,Achat
2025-10-12,2025-10-12T14:51:57Z,10,112750,Achat
2025-10-12,2025-10-12T15:02:47Z,10,112500,Achat
2025-10-12,2025-10-12T15:04:50Z,11.2598,112790,Vente
2025-10-12,2025-10-12T15:05:49Z,10,113000,Achat
2025-10-12,2025-10-12T16:55:31Z,10,114000,Vente
2025-10-12,2025-10-12T17:42:27Z,10,114390,Vente
2025-10-12,2025-10-12T19:45:54Z,10,114200,Achat
2025-10-12,2025-10-12T20:31:17Z,10,115200,Vente
2025-10-12,2025-10-12T22:01:20Z,17.6628,115700,Achat
2025-10-13,2025-10-13T00:18:17Z,15.20494,115468.28,Achat
2025-10-13,2025-10-13T04:13:15Z,16.48991,114717,Vente
2025-10-13,2025-10-13T10:37:06Z,11.21588,114836.3,Achat
2025-10-13,2025-10-13T11:05:13Z,15.51377,114400,Achat
2025-10-13,2025-10-13T11:05:45Z,17.48081,114200,Achat
2025-10-13,2025-10-13T11:31:33Z,10.74268,114000,Achat
2025-10-13,2025-10-13T11:41:31Z,12,114175.21,Achat
2025-10-13,2025-10-13T19:19:18Z,20,115500,Achat
2025-10-13,2025-10-13T19:53:00Z,16.75216,115800,Achat
2025-10-14,2025-10-14T03:02:43Z,10.3065,113500,Vente
2025-10-14,2025-10-14T04:21:24Z,11.83446,113391.99,Vente
2025-10-14,2025-10-14T04:57:05Z,10.87863,113000,Achat
2025-10-14,2025-10-14T10:13:21Z,13.2738,111000,Vente
2025-10-14,2025-10-14T13:37:20Z,14.60176,110000,Vente
2025-10-14,2025-10-14T18:01:14Z,16.08924,112800,Achat
2025-10-14,2025-10-14T19:02:00Z,11.06672,112951.23,Achat
2025-10-15,2025-10-15T00:37:27Z,10.83442,112813.2,Achat
2025-10-15,2025-10-15T01:03:33Z,20,112662.88,Achat
2025-10-15,2025-10-15T03:39:11Z,10.99319,112119.32,Vente
2025-10-15,2025-10-15T04:00:01Z,10.27961,112030.9,Achat
2025-10-15,2025-10-15T05:44:16Z,10,112566.77,Vente
2025-10-15,2025-10-15T06:57:04Z,20,112376,Achat
2025-10-15,2025-10-15T08:20:07Z,11.18034,112997.61,Vente
2025-10-15,2025-10-15T10:41:20Z,10.19016,112213.3,Achat
2025-10-15,2025-10-15T14:54:01Z,18.83543,110900,Vente
2025-10-15,2025-10-15T15:20:44Z,11.31181,110725.99,Vente
2025-10-15,2025-10-15T16:46:35Z,10,110635.3,Achat
2025-10-16,2025-10-16T03:22:27Z,12.298,111760,Achat
2025-10-16,2025-10-16T07:23:27Z,15.17772,110860,Vente
2025-10-16,2025-10-16T09:34:55Z,25,110000,Vente
2025-10-16,2025-10-16T12:38:30Z,10.01319,111620,Vente
2025-10-16,2025-10-16T12:54:22Z,11.65531,111570,Vente
2025-10-16,2025-10-16T12:59:22Z,13.12438,111630,Vente
2025-10-16,2025-10-16T14:17:53Z,13.0158,109850.29,Achat
2025-10-16,2025-10-16T15:41:24Z,10.1935,109276.3,Achat
2025-10-16,2025-10-16T15:53:23Z,10.8558,108930,Vente
2025-10-16,2025-10-16T15:53:43Z,19.5075,108870,Vente
2025-10-16,2025-10-16T16:23:16Z,12.386,108000,Vente
2025-10-16,2025-10-16T16:55:38Z,10,108850.01,Vente
2025-10-16,2025-10-16T17:03:30Z,23.95222,108600,Achat
2025-10-16,2025-10-16T17:04:51Z,17.57075,108500,Vente
2025-10-16,2025-10-16T17:55:26Z,10.43753,108400,Achat
2025-10-17,2025-10-17T05:53:18Z,10.89693,108364.42,Vente
2025-10-17,2025-10-17T06:16:00Z,10.07099,108341.09,Vente
2025-10-17,2025-10-17T06:31:23Z,11.15447,107732,Vente
2025-10-17,2025-10-17T06:53:53Z,11.30248,107062.49,Achat
2025-10-17,2025-10-17T07:09:16Z,10.24,106441.79,Achat
2025-10-17,2025-10-17T07:31:54Z,10.80728,106000,Vente
2025-10-17,2025-10-17T07:36:41Z,10.61318,106113.42,Vente
2025-10-17,2025-10-17T08:15:52Z,11.0434,105000,Vente
2025-10-17,2025-10-17T13:51:23Z,25,105560,Achat
2025-10-17,2025-10-17T13:51:27Z,25,105560,Achat
2025-10-17,2025-10-17T13:51:41Z,10.9089,105550,Achat
2025-10-17,2025-10-17T13:51:41Z,18.94837,105550,Achat
2025-10-17,2025-10-17T13:51:42Z,25,105550,Achat
2025-10-17,2025-10-17T13:52:37Z,18.9376,105610,Achat
2025-10-17,2025-10-17T16:04:29Z,21.38221,107450,Vente
2025-10-17,2025-10-17T17:35:10Z,10.17305,106500,Achat
2025-10-17,2025-10-17T18:11:06Z,27.03278,106830,Vente
2025-10-17,2025-10-17T18:36:24Z,22.49084,107000,Achat
2025-10-17,2025-10-17T22:54:42Z,10.93286,107003.4,Vente
2025-10-18,2025-10-18T04:05:31Z,10,106625.11,Achat
2025-10-18,2025-10-18T06:51:56Z,10.44816,106899.99,Vente
2025-10-18,2025-10-18T07:50:24Z,10,107200,Vente
2025-10-18,2025-10-18T07:50:25Z,10,107200,Vente
2025-10-18,2025-10-18T09:31:18Z,10,106850,Vente
2025-10-18,2025-10-18T10:22:08Z,10,106869.48,Achat
2025-10-18,2025-10-18T11:46:49Z,10,106973.01,Vente
2025-10-18,2025-10-18T15:19:40Z,10.0686,107119.99,Vente
2025-10-18,2025-10-18T17:01:46Z,10.28066,106629.89,Achat
2025-10-18,2025-10-18T22:25:16Z,10,107226.22,Achat
2025-10-18,2025-10-18T22:25:26Z,10,107226.22,Achat
2025-10-19,2025-10-19T09:48:27Z,39.14688,107217.24,Achat
2025-10-19,2025-10-19T09:48:50Z,14.07402,107999.98,Vente
2025-10-19,2025-10-19T10:04:48Z,10,107300,Vente
2025-10-19,2025-10-19T13:36:51Z,11.44732,107621.99,Achat
2025-10-19,2025-10-19T15:23:19Z,10,108593,Vente
2025-10-19,2025-10-19T16:34:04Z,10,108284.94,Achat
2025-10-19,2025-10-19T17:16:15Z,10,109319.56,Vente
2025-10-20,2025-10-20T03:51:30Z,11.5615,109880,Achat
2025-10-20,2025-10-20T06:33:58Z,16.27847,111190.01,Achat
2025-10-20,2025-10-20T08:34:28Z,11.88,111500,Vente
2025-10-20,2025-10-20T09:16:35Z,10.30736,110923.01,Vente
2025-10-20,2025-10-20T09:16:35Z,17.78595,110850,Achat
2025-10-20,2025-10-20T09:17:47Z,25,110850,Achat
2025-10-20,2025-10-20T09:19:07Z,25,110730,Achat
2025-10-20,2025-10-20T09:19:07Z,18.06195,110730,Achat
2025-10-20,2025-10-20T10:52:35Z,17.618,110650,Achat
2025-10-20,2025-10-20T14:48:12Z,13.43783,111250.1,Achat
2025-10-21,2025-10-21T10:28:09Z,11.64769,107615.89,Achat
2025-10-21,2025-10-21T10:48:51Z,25,108160,Achat
2025-10-21,2025-10-21T14:58:23Z,25,112000,Achat
2025-10-21,2025-10-21T15:03:14Z,11.2763,111840,Vente
2025-10-21,2025-10-21T15:06:29Z,10.80227,112240,Vente
2025-10-21,2025-10-21T15:10:58Z,24.37697,112708.51,Vente
2025-10-21,2025-10-21T15:17:51Z,10.17197,112400,Achat
2025-10-21,2025-10-21T15:25:04Z,19.17126,112892.28,Vente
2025-10-21,2025-10-21T16:59:44Z,25,112500,Vente
2025-10-21,2025-10-21T17:00:32Z,18.832,112650,Achat
2025-10-21,2025-10-21T17:10:25Z,13.501,112910,Vente
2025-10-21,2025-10-21T17:10:25Z,10.71585,112910,Vente
2025-10-21,2025-10-21T17:18:26Z,25,112000,Vente
2025-10-21,2025-10-21T17:37:47Z,19.3859,112150,Achat
2025-10-21,2025-10-21T17:37:47Z,13.80689,112150,Achat
2025-10-21,2025-10-21T23:44:16Z,25,108500,Vente
2025-10-22,2025-10-22T00:28:04Z,11.92139,108000,Vente
2025-10-22,2025-10-22T01:00:04Z,10,107993.5,Achat
2025-10-22,2025-10-22T01:05:11Z,25,108092,Vente
2025-10-22,2025-10-22T01:14:56Z,13.23102,108403.42,Achat
2025-10-22,2025-10-22T01:25:12Z,25,108248,Vente
2025-10-22,2025-10-22T03:10:19Z,16.6349,108160,Achat
2025-10-22,2025-10-22T05:37:43Z,15.91195,107900,Achat
2025-10-22,2025-10-22T05:38:16Z,15.91962,107900,Achat
2025-10-22,2025-10-22T05:40:16Z,25.65673,107895.83,Achat
2025-10-22,2025-10-22T05:43:07Z,23.17444,107993.16,Achat
2025-10-22,2025-10-22T05:43:08Z,15.6698,108000,Achat
2025-10-22,2025-10-22T05:47:07Z,11.85,107924.93,Achat
2025-10-22,2025-10-22T05:48:07Z,21.51714,107993.16,Achat
2025-10-22,2025-10-22T06:22:42Z,22.77159,108100,Achat
2025-10-22,2025-10-22T06:23:57Z,17.23645,108175,Achat
2025-10-22,2025-10-22T11:03:47Z,13,107500,Vente
2025-10-22,2025-10-22T11:03:56Z,14.8815,106836.39,Achat
2025-10-22,2025-10-22T11:12:12Z,25,107750,Achat
2025-10-22,2025-10-22T11:50:21Z,25,107490,Achat
2025-10-22,2025-10-22T13:40:05Z,10.0012,108458,Achat
2025-10-22,2025-10-22T13:58:07Z,10,108500,Achat
2025-10-22,2025-10-22T13:59:13Z,16.46083,108850,Vente
2025-10-22,2025-10-22T14:51:06Z,12.30613,108301.91,Vente
2025-10-24,2025-10-24T12:30:42Z,10.88764,112000,Achat
2025-10-24,2025-10-24T14:19:37Z,12.84857,110050,Achat
2025-10-24,2025-10-24T21:42:09Z,10,110890,Achat
2025-10-25,2025-10-25T01:58:43Z,10,111031.79,Achat
2025-10-25,2025-10-25T04:18:04Z,10.6876,111355,Vente
2025-10-25,2025-10-25T08:24:42Z,10,111669.29,Achat
2025-10-25,2025-10-25T09:10:19Z,10,111850,Vente
2025-10-25,2025-10-25T09:14:12Z,12.36806,111770.61,Vente
2025-10-25,2025-10-25T12:47:18Z,10,111700,Achat
2025-10-25,2025-10-25T14:14:06Z,10.46464,111728.09,Achat
2025-10-25,2025-10-25T16:06:00Z,10.37012,111200,Vente
2025-10-26,2025-10-26T00:50:54Z,10,111700,Vente
2025-10-26,2025-10-26T05:01:28Z,11.465,111413.29,Achat
2025-10-26,2025-10-26T09:27:58Z,13.62742,112500,Achat
2025-10-26,2025-10-26T11:15:17Z,11.58815,112508.78,Vente
2025-10-26,2025-10-26T11:45:37Z,15.15474,113401.8,Vente
2025-10-26,2025-10-26T12:26:42Z,10.02542,113591.09,Achat
2025-10-26,2025-10-26T12:26:48Z,10.00895,113600,Achat
2025-10-26,2025-10-26T12:26:53Z,19.69752,113600,Achat
2025-10-26,2025-10-26T13:00:54Z,11.03656,113599.46,Achat
2025-10-26,2025-10-26T14:19:42Z,10,113874,Vente
2025-10-26,2025-10-26T16:26:23Z,11,113424.55,Achat
2025-10-26,2025-10-26T20:03:42Z,10,113550,Vente
2025-10-26,2025-10-26T22:02:56Z,10,114000,Achat
2025-10-26,2025-10-26T22:03:25Z,20,114000,Achat
2025-10-26,2025-10-26T22:03:50Z,10.93954,115000,Achat
2025-10-26,2025-10-26T22:03:50Z,12.8617,115000,Achat
2025-10-26,2025-10-26T22:03:50Z,15.47729,115000,Achat
2025-10-26,2025-10-26T22:23:43Z,12.12116,114284.52,Vente
2025-10-26,2025-10-26T23:44:04Z,10.21839,114592.28,Achat
2025-10-26,2025-10-26T23:56:51Z,16.71669,114500,Vente
2025-10-27,2025-10-27T00:23:07Z,10,114809.34,Vente
2025-10-27,2025-10-27T03:25:00Z,12.3227,115000.85,Achat
2025-10-27,2025-10-27T05:11:57Z,20,115500,Achat
2025-10-27,2025-10-27T05:26:10Z,19.64196,115531.27,Achat
2025-10-27,2025-10-27T05:42:22Z,10,115600,Achat
2025-10-27,2025-10-27T06:27:09Z,11,115617.26,Achat
2025-10-27,2025-10-27T06:32:05Z,10.82165,115591,Achat
2025-10-27,2025-10-27T06:50:13Z,20,116000,Achat
2025-10-27,2025-10-27T06:52:14Z,12.58931,116000,Vente
2025-10-27,2025-10-27T07:41:02Z,10.66246,115506.99,Vente
2025-10-27,2025-10-27T07:48:11Z,11,115758.57,Achat
2025-10-27,2025-10-27T07:54:45Z,14.90006,115558.99,Vente
2025-10-27,2025-10-27T08:54:08Z,15.43198,114940.01,Achat
2025-10-27,2025-10-27T08:56:51Z,20,114950,Achat
2025-10-27,2025-10-27T09:07:03Z,16.82521,114838.49,Achat
2025-10-27,2025-10-27T10:08:52Z,20,115299.1,Achat
2025-10-27,2025-10-27T10:11:18Z,10,115327.78,Achat
2025-10-27,2025-10-27T12:15:11Z,10.6435,115276.55,Vente
2025-10-27,2025-10-27T15:31:37Z,20,115100,Achat
2025-10-27,2025-10-27T21:02:37Z,10,114448.31,Achat
2025-10-28,2025-10-28T04:26:12Z,11,113961.66,Vente
2025-10-28,2025-10-28T09:28:42Z,10.73592,114208.1,Achat
2025-10-28,2025-10-28T12:35:37Z,19.18298,114180,Achat
2025-10-28,2025-10-28T19:20:50Z,14.60467,113800,Vente
2025-10-29,2025-10-29T00:35:55Z,10,112630.65,Vente
2025-10-29,2025-10-29T04:48:20Z,16.50051,112800,Achat
2025-10-29,2025-10-29T07:05:26Z,12.01254,113243.7,Achat
2025-10-29,2025-10-29T09:47:49Z,10.21393,112916.36,Vente
2025-10-29,2025-10-29T09:49:03Z,17.71921,112871.82,Achat
2025-10-29,2025-10-29T10:59:19Z,10.60718,112853.32,Achat
2025-10-29,2025-10-29T13:46:45Z,20,112900,Achat
2025-10-29,2025-10-29T14:51:25Z,20,112400,Achat
2025-10-29,2025-10-29T15:48:14Z,20,111550,Achat
2025-10-29,2025-10-29T16:36:06Z,12.5795,111185,Achat
2025-10-29,2025-10-29T18:35:51Z,12.09557,110867.58,Vente
2025-10-30,2025-10-30T04:32:04Z,25,108000,Vente
2025-10-30,2025-10-30T08:06:07Z,10.24115,111283.98,Achat
2025-10-30,2025-10-30T11:20:06Z,16.80054,109926.39,Achat
2025-10-30,2025-10-30T11:32:36Z,10,109887.46,Achat
2025-10-30,2025-10-30T19:40:18Z,25,106500,Vente
2025-10-31,2025-10-31T01:10:24Z,11.28401,110000,Achat
2025-10-31,2025-10-31T03:05:22Z,10.04556,108697.56,Vente
2025-10-31,2025-10-31T03:05:29Z,19.17248,108690,Achat
2025-10-31,2025-10-31T06:47:03Z,17.33909,109608.64,Vente
2025-10-31,2025-10-31T07:07:46Z,10.50325,109459.86,Achat
2025-10-31,2025-10-31T17:05:15Z,10,109100,Vente
2025-11-01,2025-11-01T16:40:37Z,10.80908,110390,Vente
2025-11-01,2025-11-01T17:12:46Z,10,110348.78,Vente
2025-11-02,2025-11-02T00:35:02Z,11.78075,110001.45,Achat
2025-11-02,2025-11-02T04:20:12Z,10.72129,110046.99,Vente
2025-11-02,2025-11-02T04:22:51Z,11,110116.45,Achat
2025-11-02,2025-11-02T04:26:30Z,11,110152.73,Vente
2025-11-02,2025-11-02T04:27:35Z,10.0794,110152.99,Vente
2025-11-02,2025-11-02T04:27:44Z,10.38534,110152.99,Vente
2025-11-02,2025-11-02T04:30:07Z,10.07618,110130.99,Vente
2025-11-02,2025-11-02T04:33:24Z,11,110108.99,Vente
2025-11-02,2025-11-02T05:00:34Z,11,110678.59,Achat
2025-11-02,2025-11-02T05:00:40Z,10.38347,110662.4,Achat
2025-11-02,2025-11-02T05:01:21Z,10.52434,110667.53,Achat
2025-11-02,2025-11-02T05:08:25Z,10,110597.51,Vente
2025-11-02,2025-11-02T05:32:49Z,11,110468.98,Vente
2025-11-02,2025-11-02T05:45:03Z,11,110485.01,Achat
2025-11-02,2025-11-02T05:46:02Z,11,110530.96,Achat
2025-11-02,2025-11-02T05:57:13Z,10.50195,110544.56,Achat
2025-11-02,2025-11-02T06:28:39Z,11,110402.77,Achat
2025-11-02,2025-11-02T06:28:53Z,11,110413.01,Achat
2025-11-02,2025-11-02T06:30:19Z,10.94365,110414.01,Achat
2025-11-02,2025-11-02T06:30:35Z,11,110414.01,Achat
2025-11-02,2025-11-02T06:47:31Z,10.49072,110645.97,Achat
2025-11-02,2025-11-02T07:21:45Z,10.8731,110466.59,Vente
2025-11-02,2025-11-02T07:46:32Z,11,110671.81,Vente
2025-11-02,2025-11-02T08:35:51Z,10,110768,Achat
2025-11-02,2025-11-02T10:12:06Z,10.41852,110778.01,Achat
2025-11-02,2025-11-02T15:13:08Z,10,110375.37,Vente
2025-11-02,2025-11-02T16:00:33Z,14,110000,Vente
2025-11-03,2025-11-03T02:27:44Z,15.69216,109352.75,Achat
2025-11-03,2025-11-03T03:26:19Z,15,108000,Vente
2025-11-03,2025-11-03T04:05:38Z,10.09762,107650,Vente
2025-11-03,2025-11-03T07:57:09Z,19.33234,107650,Achat
2025-11-03,2025-11-03T10:55:35Z,25,107149.01,Achat
2025-11-03,2025-11-03T11:00:52Z,12.24516,107040,Achat
2025-11-03,2025-11-03T14:35:16Z,17.65536,107500,Vente
2025-11-03,2025-11-03T14:52:30Z,12.03896,107973.3,Achat
2025-11-03,2025-11-03T14:59:26Z,17.09479,108050,Achat
2025-11-03,2025-11-03T15:53:59Z,16.0002,105888.16,Vente
2025-11-03,2025-11-03T18:12:01Z,14.9432,107320,Achat
2025-11-03,2025-11-03T18:12:15Z,25,107270,Achat
2025-11-03,2025-11-03T18:12:27Z,18.64628,107260,Achat
2025-11-03,2025-11-03T18:12:27Z,19.74966,107260,Achat
2025-11-03,2025-11-03T18:14:11Z,25,107180,Achat
2025-11-03,2025-11-03T18:14:30Z,22.91577,107180,Achat
2025-11-03,2025-11-03T23:04:02Z,18.53473,106040,Achat
